Name,Type,Level,Rarity,Damage,Health,Energy,Sanity,Timestamp
Wyvern,Dragon,4,Rank 2,4d6+3,24.47,26.5,25.8,2024-08-12 09:44:47
Revenant,Undead,3,Rank 3,3d8+1,21.08,25.99,26.51,2024-08-12 09:44:47
Succubus,Devilkin,8,Rank 1,8d4+4,31.62,31.97,31.47,2024-08-12 09:44:47
Faerie Dragon,Dragon,4,Rank 0,4d2+3,8.19,8.28,8.8,2024-08-12 09:44:47
Wraith,Undead,7,Rank 3,7d8+1,54.68,53.45,53.55,2024-08-12 09:44:47
Steam Spirit,Fey,3,Rank 0,3d2+2,6.94,6.63,5.65,2024-08-12 09:44:47
Imp,Demonic,6,Rank 0,6d2,11.75,12.4,11.15,2024-08-12 09:44:47
Lightning Mephit,Elemental,3,Rank 3,3d8+5,20.28,24.66,22.58,2024-08-12 09:44:47
Pseudodragon,Dragon,7,Rank 0,7d2+5,14.39,13.47,13.28,2024-08-12 09:44:47
Zombie Knight,Undead,12,Rank 0,12d2+4,23.89,24.82,23.03,2024-08-12 09:44:47
Flame Elemental,Elemental,3,Rank 0,3d2+2,6.75,5.82,6.1,2024-08-12 09:44:47
Emerald Drake,Dragon,4,Rank 0,4d2+2,8.17,8.95,8.76,2024-08-12 09:44:47
Lich,Undead,15,Rank 3,15d8+2,120.5,117.42,117.7,2024-08-12 09:44:47
Djinni,Elemental,6,Rank 3,6d8+1,51.53,47.91,50.38,2024-08-12 09:44:47
Hell Hound,Demonic,7,Rank 0,7d2,14.98,14.6,13.78,2024-08-12 09:44:47
Succubus,Devilkin,4,Rank 1,4d4+4,15.46,14.09,16.92,2024-08-12 09:44:47
Brass Faerie,Fey,2,Rank 2,2d6+3,10.57,13.23,13.14,2024-08-12 09:44:47
Pseudodragon,Dragon,10,Rank 0,10d2,19.88,19.15,19.6,2024-08-12 09:44:47
Wraith,Undead,3,Rank 0,3d2+2,6.98,5.23,6.2,2024-08-12 09:44:47
Efreeti,Elemental,3,Rank 3,3d8,26.19,20.11,21.17,2024-08-12 09:44:47
Bronze Wyrmling,Dragon,9,Rank 0,9d2,17.91,17.94,17.1,2024-08-12 09:44:47
Mummy,Undead,7,Rank 0,7d2+1,14.11,13.3,13.08,2024-08-12 09:44:47
Steam Mephit,Elemental,11,Rank 1,11d4+1,44.49,42.45,44.96,2024-08-12 09:44:47
Wyvern,Dragon,14,Rank 3,14d8,109.34,110.85,114.22,2024-08-12 09:44:47
Zombie Mage,Undead,12,Rank 0,12d2,24.31,24.56,23.17,2024-08-12 09:44:47
Kobold Villager,Devilkin,12,Rank 0,12d2,23.59,24.44,24.98,2024-08-12 09:44:47
Lightning Spirit,Fey,5,Rank 3,5d8,42.43,40.75,39.82,2024-08-12 09:44:47
Balor,Demonic,2,Rank 1,2d4,9.38,8.65,7.57,2024-08-12 09:44:47
Kobold Guard,Devilkin,4,Rank 3,4d8+4,33.33,31.1,29.77,2024-08-12 09:44:47
Faerie Dragon,Dragon,4,Rank 4,4d10,41.39,35.7,41.13,2024-08-12 09:44:47
Skeletal Archer,Undead,12,Rank 2,12d6,70.11,73.01,74.38,2024-08-12 09:44:47
Efreeti,Elemental,8,Rank 3,8d8,66.34,63.01,62.26,2024-08-12 09:44:47
Wyvern,Dragon,5,Rank 0,5d2,10.71,10.3,9.7,2024-08-12 09:44:47
Banshee,Undead,11,Rank 3,11d8+2,87.01,89.94,85.63,2024-08-12 09:44:47
Flame Mephit,Elemental,7,Rank 2,7d6+2,40.51,44.06,43.19,2024-08-12 09:44:47
Hook Horror,Demonic,5,Rank 2,5d6+2,27.58,28.73,30.75,2024-08-12 09:44:47
Shadow Elemental,Elemental,12,Rank 1,12d4+2,46.45,49.61,46.29,2024-08-12 09:44:47
Emerald Faerie,Fey,7,Rank 1,7d4,26.12,27.98,27.18,2024-08-12 09:44:47
Ghostly Knight,Undead,3,Rank 0,3d2+2,5.75,5.19,6.82,2024-08-12 09:44:47
Efreeti,Elemental,8,Rank 5,8d12+1,94.94,93.49,101.98,2024-08-12 09:44:47
Faerie Dragon,Dragon,9,Rank 0,9d2+2,17.04,18.62,17.61,2024-08-12 09:44:47
Revenant,Undead,4,Rank 4,4d10+1,41.02,38.52,40.18,2024-08-12 09:44:47
Smoke Spirit,Fey,3,Rank 1,3d4+2,10.9,11.29,10.45,2024-08-12 09:44:47
Brass Demon,Demonic,15,Rank 0,15d2+2,29.92,29.43,30.14,2024-08-12 09:44:47
Prince of Fear,Devilkin,8,Rank 2,8d6+2,47.6,50.64,50.97,2024-08-12 09:44:47
Mud Mephit,Elemental,6,Rank 2,6d6+2,37.98,37.36,36.06,2024-08-12 09:44:47
Bronze Wyrmling,Dragon,3,Rank 3,3d8+1,27.31,27.46,25.62,2024-08-12 09:44:47
Goblin Guard,Devilkin,9,Rank 0,9d2+1,18.1,18.35,17.75,2024-08-12 09:44:47
Onyx Archfey,Fey,5,Rank 1,5d4,21.58,18.17,19.83,2024-08-12 09:44:47
Faerie Dragon,Dragon,15,Rank 2,15d6+2,91.69,90.13,87.04,2024-08-12 09:44:47
Zombie Mage,Undead,7,Rank 2,7d6+1,43.81,43.75,40.89,2024-08-12 09:44:47
Shadow Spirit,Fey,9,Rank 1,9d4+3,35.08,34.64,35.07,2024-08-12 09:44:47
Balor,Demonic,9,Rank 4,9d10+1,94.18,93.42,93.91,2024-08-12 09:44:47
Efreeti,Elemental,2,Rank 4,2d10+1,22.54,17.66,20.26,2024-08-12 09:44:47
Faerie Dragon,Dragon,3,Rank 0,3d2,6.01,5.52,5.66,2024-08-12 09:44:47
Imp,Demonic,7,Rank 1,7d4+2,26.03,28.98,27.11,2024-08-12 09:44:47
Mummy,Undead,10,Rank 0,10d2+2,19.95,19.65,20.74,2024-08-12 09:44:47
Djinni,Elemental,15,Rank 4,15d10+3,146.67,153.6,151.66,2024-08-12 09:44:47
Smoke Spirit,Fey,10,Rank 3,10d8+4,78.01,80.28,76.15,2024-08-12 09:44:47
Quasit,Demonic,4,Rank 2,4d6+2,23.42,22.01,26.73,2024-08-12 09:44:47
Lich,Undead,17,Rank 4,17d10+2,172.58,165.87,171.87,2024-08-12 09:44:47
Efreeti,Elemental,17,Rank 3,17d8+1,135.12,138.39,136.17,2024-08-12 09:44:47
Hook Horror,Demonic,3,Rank 2,3d6+1,18.8,18.82,15.19,2024-08-12 09:44:47
Kobold Villager,Devilkin,4,Rank 0,4d2,7.57,7.43,7.99,2024-08-12 09:44:47
Mud Mephit,Elemental,4,Rank 1,4d4+1,16.24,16.66,17.47,2024-08-12 09:44:47
Red Dragon,Dragon,3,Rank 1,3d4,12.06,13.0,12.14,2024-08-12 09:44:47
Ghostly Guard,Undead,7,Rank 2,7d6+3,40.47,42.62,43.46,2024-08-12 09:44:47
Steam Mephit,Elemental,17,Rank 0,17d2+4,34.63,33.98,34.95,2024-08-12 09:44:47
Pseudodragon,Dragon,5,Rank 3,5d8+2,37.0,39.29,39.96,2024-08-12 09:44:47
Ghast,Undead,14,Rank 2,14d6+1,81.32,82.4,83.12,2024-08-12 09:44:47
Kobold Archer,Devilkin,15,Rank 0,15d2+1,29.44,30.07,29.59,2024-08-12 09:44:47
Ice Archfey,Fey,8,Rank 0,8d2,15.78,15.81,15.47,2024-08-12 09:44:47
Pit Fiend,Demonic,7,Rank 2,7d6+1,43.96,41.22,42.91,2024-08-12 09:44:47
Ghoul,Undead,3,Rank 1,3d4,12.68,13.78,12.01,2024-08-12 09:44:47
Efreeti,Elemental,3,Rank 4,3d10+1,34.56,29.28,26.43,2024-08-12 09:44:47
Platinum Dragon,Dragon,5,Rank 1,5d4+1,18.86,21.21,18.7,2024-08-12 09:44:47
Lich,Undead,9,Rank 2,9d6+3,55.35,53.44,55.32,2024-08-12 09:44:47
Djinni,Elemental,1,Rank 4,1d10,10.91,7.04,11.46,2024-08-12 09:44:47
Black Dragon,Dragon,10,Rank 4,10d10+5,99.37,102.33,98.85,2024-08-12 09:44:47
Pit Fiend,Demonic,3,Rank 2,3d6+3,17.24,18.45,17.82,2024-08-12 09:44:47
Goblin Knight,Devilkin,9,Rank 3,9d8+3,71.07,73.2,74.94,2024-08-12 09:44:47
Diamond Faerie,Fey,11,Rank 0,11d2,22.1,21.35,21.03,2024-08-12 09:44:47
Imp,Demonic,9,Rank 1,9d4,37.22,34.12,36.97,2024-08-12 09:44:47
Ghast,Undead,7,Rank 1,7d4+2,28.25,27.01,28.17,2024-08-12 09:44:47
Djinni,Elemental,2,Rank 1,2d4,9.92,8.27,7.74,2024-08-12 09:44:47
Ruby Dragon,Dragon,12,Rank 1,12d4+1,50.0,46.41,47.04,2024-08-12 09:44:47
Mummy Lord,Undead,5,Rank 1,5d4+1,19.6,18.77,20.73,2024-08-12 09:44:47
Efreeti,Elemental,1,Rank 1,1d4+1,4.75,2.0,3.48,2024-08-12 09:44:47
Smoke Spirit,Fey,13,Rank 0,13d2,25.69,25.95,26.91,2024-08-12 09:44:47
Emerald Wyrmling,Dragon,5,Rank 1,5d4+2,21.92,20.5,21.66,2024-08-12 09:44:47
Kobold Mage,Devilkin,13,Rank 1,13d4+2,52.64,50.3,53.4,2024-08-12 09:44:47
Efreeti,Elemental,8,Rank 0,8d2+3,16.21,16.08,15.8,2024-08-12 09:44:47
Faerie Dragon,Dragon,11,Rank 2,11d6+2,63.35,66.15,67.82,2024-08-12 09:44:47
Revenant,Undead,12,Rank 2,12d6,72.04,73.32,70.11,2024-08-12 09:44:47
Kobold Villager,Devilkin,2,Rank 1,2d4,8.56,7.74,8.39,2024-08-12 09:44:47
Flame Spirit,Fey,2,Rank 2,2d6+3,12.12,11.23,9.63,2024-08-12 09:44:47
Ghast,Undead,1,Rank 0,1d2+2,1.96,2.21,1.48,2024-08-12 09:44:47
Shadow Mephit,Elemental,17,Rank 2,17d6+2,99.06,99.01,101.9,2024-08-12 09:44:47
Red Drake,Dragon,7,Rank 2,7d6+2,41.77,44.0,40.27,2024-08-12 09:44:47
Vampire,Undead,16,Rank 2,16d6,97.25,97.66,95.53,2024-08-12 09:44:47
Platinum Archfey,Fey,16,Rank 1,16d4,64.08,63.53,62.82,2024-08-12 09:44:47
Green Wyrmling,Dragon,6,Rank 0,6d2+1,12.94,12.92,12.92,2024-08-12 09:44:47
Poltergeist,Undead,13,Rank 2,13d6+1,78.98,76.12,80.45,2024-08-12 09:44:47
Efreeti,Elemental,2,Rank 1,2d4+3,6.81,9.06,8.51,2024-08-12 09:44:47
Red Faerie,Fey,17,Rank 1,17d4+1,68.33,68.22,66.75,2024-08-12 09:44:47
Wyvern,Dragon,3,Rank 2,3d6+4,16.98,18.13,16.58,2024-08-12 09:44:47
Revenant,Undead,8,Rank 2,8d6+3,48.63,50.34,47.1,2024-08-12 09:44:47
Djinni,Elemental,9,Rank 5,9d12+2,105.83,104.75,102.71,2024-08-12 09:44:47
Ruby Dragon,Dragon,7,Rank 3,7d8+3,56.35,57.04,58.81,2024-08-12 09:44:47
Wraith,Undead,10,Rank 3,10d8+2,82.19,76.72,76.24,2024-08-12 09:44:47
Smoke Elemental,Elemental,9,Rank 1,9d4,36.41,36.31,36.68,2024-08-12 09:44:47
Copper Demon,Demonic,8,Rank 4,8d10+2,82.7,81.3,80.85,2024-08-12 09:44:47
Kobold Guard,Devilkin,7,Rank 0,7d2+1,14.71,14.44,13.91,2024-08-12 09:44:47
Magma Archfey,Fey,3,Rank 1,3d4+2,13.35,12.9,13.75,2024-08-12 09:44:47
Red Drake,Dragon,15,Rank 1,15d4,59.82,58.96,58.42,2024-08-12 09:44:47
Mummy Lord,Undead,6,Rank 1,6d4+2,22.44,24.36,22.4,2024-08-12 09:44:47
Kobold Archer,Devilkin,8,Rank 0,8d2,15.38,16.27,16.41,2024-08-12 09:44:47
Djinni,Elemental,12,Rank 0,12d2+2,24.02,23.58,24.8,2024-08-12 09:44:47
Steam Spirit,Fey,14,Rank 1,14d4,56.87,55.33,57.8,2024-08-12 09:44:47
Pit Fiend,Demonic,17,Rank 3,17d8+1,139.48,135.56,137.99,2024-08-12 09:44:47
Smoke Devil,Devilkin,2,Rank 1,2d4+1,7.45,8.54,7.93,2024-08-12 09:44:47
Pseudodragon,Dragon,13,Rank 2,13d6+1,77.94,79.2,76.48,2024-08-12 09:44:47
Nightmare,Demonic,11,Rank 0,11d2+2,21.32,22.4,22.54,2024-08-12 09:44:47
Succubus,Devilkin,4,Rank 1,4d4+1,14.09,17.69,16.06,2024-08-12 09:44:47
Blue Faerie,Fey,3,Rank 0,3d2+1,5.42,5.54,6.24,2024-08-12 09:44:47
Balor,Demonic,5,Rank 0,5d2,9.32,9.43,10.28,2024-08-12 09:44:47
Prince of Fear,Devilkin,3,Rank 0,3d2+3,6.63,6.09,6.3,2024-08-12 09:44:47
Emerald Archfey,Fey,2,Rank 1,2d4+2,6.23,9.35,7.03,2024-08-12 09:44:47
Night Hag,Demonic,2,Rank 1,2d4+3,6.16,6.27,6.06,2024-08-12 09:44:47
Incubus,Devilkin,14,Rank 0,14d2+2,28.57,27.92,28.33,2024-08-12 09:44:47
Djinni,Elemental,9,Rank 4,9d10+4,89.14,91.77,90.48,2024-08-12 09:44:47
Faerie Dragon,Dragon,5,Rank 2,5d6+3,29.19,27.12,29.25,2024-08-12 09:44:47
Ghast,Undead,15,Rank 0,15d2+3,29.74,30.43,29.62,2024-08-12 09:44:47
Magma Spirit,Fey,15,Rank 0,15d2,29.87,29.28,29.94,2024-08-12 09:44:47
Ghoul,Undead,9,Rank 3,9d8,69.09,69.69,71.4,2024-08-12 09:44:47
Efreeti,Elemental,8,Rank 2,8d6+1,49.92,46.01,48.03,2024-08-12 09:44:47
Silver Dragon,Dragon,9,Rank 0,9d2,18.73,17.65,17.7,2024-08-12 09:44:47
Wight,Undead,9,Rank 0,9d2+1,18.29,17.41,18.04,2024-08-12 09:44:47
Shadow Elemental,Elemental,7,Rank 3,7d8+4,58.12,58.17,56.48,2024-08-12 09:44:47
Pit Fiend,Demonic,10,Rank 0,10d2,20.33,19.53,20.68,2024-08-12 09:44:47
Efreeti,Elemental,15,Rank 4,15d10+1,153.83,147.76,146.73,2024-08-12 09:44:47
Hook Horror,Demonic,2,Rank 0,2d2+2,3.49,4.58,3.51,2024-08-12 09:44:47
Goblin Knight,Devilkin,5,Rank 3,5d8,38.79,36.1,41.18,2024-08-12 09:44:47
Lightning Spirit,Fey,7,Rank 1,7d4+1,29.2,27.24,27.63,2024-08-12 09:44:47
Balor,Demonic,6,Rank 0,6d2+1,12.75,12.09,12.62,2024-08-12 09:44:47
Vampire,Undead,4,Rank 1,4d4,14.72,15.88,17.49,2024-08-12 09:44:47
Djinni,Elemental,7,Rank 0,7d2+3,14.87,13.93,14.92,2024-08-12 09:44:47
Ruby Wyrmling,Dragon,5,Rank 3,5d8+2,43.7,43.8,41.66,2024-08-12 09:44:47
Zombie Mage,Undead,5,Rank 2,5d6,30.2,31.41,28.32,2024-08-12 09:44:47
Spore Mephit,Elemental,10,Rank 1,10d4+5,40.17,38.89,40.27,2024-08-12 09:44:47
Emerald Drake,Dragon,8,Rank 3,8d8+5,62.48,63.59,64.14,2024-08-12 09:44:47
Hell Hound,Demonic,14,Rank 2,14d6+2,84.4,85.44,82.25,2024-08-12 09:44:47
Goblin Villager,Devilkin,1,Rank 1,1d4,3.73,2.61,2.43,2024-08-12 09:44:47
Black Drake,Dragon,5,Rank 3,5d8+1,40.0,37.56,42.5,2024-08-12 09:44:47
Goblin Knight,Devilkin,1,Rank 0,1d2+1,2.3,2.52,2.1,2024-08-12 09:44:47
Sapphire Faerie,Fey,14,Rank 0,14d2+2,28.07,27.79,27.76,2024-08-12 09:44:47
Mummy Lord,Undead,8,Rank 0,8d2+1,15.56,15.89,16.43,2024-08-12 09:44:47
Dust Elemental,Elemental,8,Rank 0,8d2,16.32,15.36,15.41,2024-08-12 09:44:47
Pit Fiend,Demonic,9,Rank 0,9d2,17.59,17.15,17.65,2024-08-12 09:44:47
Zombie Guard,Undead,3,Rank 2,3d6+3,17.04,16.95,18.92,2024-08-12 09:44:47
Smoke Spirit,Fey,6,Rank 3,6d8+1,45.98,44.2,46.55,2024-08-12 09:44:47
Balor,Demonic,3,Rank 1,3d4,11.03,12.35,10.77,2024-08-12 09:44:47
Efreeti,Elemental,10,Rank 3,10d8+1,82.52,78.04,77.05,2024-08-12 09:44:47
Nightmare,Demonic,17,Rank 1,17d4+2,69.78,68.22,67.22,2024-08-12 09:44:47
Succubus,Devilkin,3,Rank 1,3d4+1,11.5,12.7,10.72,2024-08-12 09:44:47
Flame Spirit,Fey,7,Rank 2,7d6+2,40.56,41.58,44.25,2024-08-12 09:44:47
Vampire,Undead,7,Rank 1,7d4+1,26.41,29.46,27.62,2024-08-12 09:44:47
Ice Mephit,Elemental,2,Rank 0,2d2,4.87,3.08,3.5,2024-08-12 09:44:47
Faerie Dragon,Dragon,2,Rank 0,2d2+1,4.96,3.04,3.98,2024-08-12 09:44:47
Dracolich,Undead,3,Rank 0,3d2+3,6.87,6.84,6.39,2024-08-12 09:44:47
Djinni,Elemental,8,Rank 0,8d2,16.46,16.82,15.37,2024-08-12 09:44:47
Balor,Demonic,2,Rank 0,2d2+2,3.25,3.0,3.12,2024-08-12 09:44:47
Lich,Undead,3,Rank 1,3d4+1,12.94,11.49,11.58,2024-08-12 09:44:47
Djinni,Elemental,6,Rank 1,6d4+2,25.79,25.02,23.62,2024-08-12 09:44:47
Pseudodragon,Dragon,1,Rank 2,1d6+2,8.64,7.57,7.24,2024-08-12 09:44:47
Hell Hound,Demonic,2,Rank 1,2d4+1,6.96,7.83,7.67,2024-08-12 09:44:47
Pit Lord,Devilkin,9,Rank 2,9d6,56.68,51.91,56.86,2024-08-12 09:44:47
Lightning Archfey,Fey,7,Rank 1,7d4+1,28.45,28.52,28.01,2024-08-12 09:44:47
Zombie Archer,Undead,16,Rank 0,16d2+1,31.53,32.41,31.22,2024-08-12 09:44:47
Prince of Fear,Devilkin,4,Rank 4,4d10+3,37.82,42.7,43.98,2024-08-12 09:44:47
Efreeti,Elemental,5,Rank 4,5d10+1,46.1,47.55,47.23,2024-08-12 09:44:47
Wyvern,Dragon,3,Rank 4,3d10+2,32.85,31.05,27.86,2024-08-12 09:44:47
Zombie Knight,Undead,3,Rank 2,3d6+1,16.61,18.2,17.84,2024-08-12 09:44:47
Mud Mephit,Elemental,8,Rank 2,8d6+5,48.99,46.73,50.49,2024-08-12 09:44:47
Wyvern,Dragon,12,Rank 0,12d2+5,23.54,24.64,23.29,2024-08-12 09:44:47
Kobold Mage,Devilkin,2,Rank 3,2d8,17.68,15.52,13.95,2024-08-12 09:44:47
Ruby Faerie,Fey,6,Rank 0,6d2,11.49,11.98,11.97,2024-08-12 09:44:47
Pseudodragon,Dragon,5,Rank 0,5d2,10.03,10.19,9.27,2024-08-12 09:44:47
Night Hag,Demonic,5,Rank 0,5d2+2,9.5,10.55,9.06,2024-08-12 09:44:47
Pit Lord,Devilkin,15,Rank 0,15d2,30.88,29.05,30.05,2024-08-12 09:44:47
Efreeti,Elemental,5,Rank 0,5d2+1,10.34,10.34,9.06,2024-08-12 09:44:47
Wyvern,Dragon,7,Rank 1,7d4+3,27.21,29.28,29.93,2024-08-12 09:44:47
Mummy,Undead,6,Rank 1,6d4+2,24.64,25.41,22.02,2024-08-12 09:44:47
Djinni,Elemental,7,Rank 2,7d6,43.02,43.39,40.6,2024-08-12 09:44:47
Copper Archfey,Fey,2,Rank 0,2d2,4.21,3.25,4.29,2024-08-12 09:44:47
Pseudodragon,Dragon,13,Rank 0,13d2,26.93,26.46,25.77,2024-08-12 09:44:47
Pit Lord,Devilkin,12,Rank 0,12d2+1,24.35,23.81,24.3,2024-08-12 09:44:47
Green Dragon,Dragon,6,Rank 0,6d2+2,11.86,12.75,11.33,2024-08-12 09:44:47
Lich King,Undead,8,Rank 3,8d8,64.01,61.36,62.78,2024-08-12 09:44:47
Spore Archfey,Fey,4,Rank 3,4d8+2,29.65,35.73,33.16,2024-08-12 09:44:47
Prismatic Demon,Demonic,12,Rank 3,12d8+2,96.59,95.54,97.86,2024-08-12 09:44:47
Djinni,Elemental,11,Rank 0,11d2,22.3,21.2,21.59,2024-08-12 09:44:47
Blue Drake,Dragon,18,Rank 0,18d2+3,36.75,36.85,35.54,2024-08-12 09:44:47
Banshee,Undead,4,Rank 0,4d2+2,8.64,7.9,8.19,2024-08-12 09:44:47
Djinni,Elemental,7,Rank 3,7d8+3,59.04,54.04,53.38,2024-08-12 09:44:47
Dust Spirit,Fey,3,Rank 0,3d2+2,6.0,5.63,5.95,2024-08-12 09:44:47
Banshee,Undead,3,Rank 1,3d4+2,13.31,10.66,11.71,2024-08-12 09:44:47
Lightning Elemental,Elemental,4,Rank 2,4d6+1,25.41,25.78,25.13,2024-08-12 09:44:47
Green Wyrmling,Dragon,2,Rank 0,2d2,4.48,4.62,4.11,2024-08-12 09:44:47
Demilich,Undead,4,Rank 0,4d2,8.76,8.23,8.27,2024-08-12 09:44:47
Djinni,Elemental,3,Rank 0,3d2+1,6.63,6.15,5.24,2024-08-12 09:44:47
Brass Dragon,Dragon,6,Rank 1,6d4+1,24.37,24.01,22.23,2024-08-12 09:44:47
Hook Horror,Demonic,1,Rank 1,1d4+2,5.64,5.36,3.26,2024-08-12 09:44:47
Goblin Villager,Devilkin,4,Rank 1,4d4+1,15.91,17.2,15.12,2024-08-12 09:44:47
Bronze Faerie,Fey,2,Rank 0,2d2+2,4.84,4.54,4.66,2024-08-12 09:44:47
Mummy,Undead,3,Rank 0,3d2+1,6.74,5.15,6.03,2024-08-12 09:44:47
Djinni,Elemental,12,Rank 3,12d8+4,97.45,99.9,97.68,2024-08-12 09:44:47
Hook Horror,Demonic,7,Rank 1,7d4+4,27.77,27.46,26.89,2024-08-12 09:44:47
Goblin Guard,Devilkin,9,Rank 5,9d12,105.68,113.56,105.67,2024-08-12 09:44:47
Emerald Archfey,Fey,11,Rank 4,11d10+1,112.98,111.16,110.63,2024-08-12 09:44:47
Brass Drake,Dragon,10,Rank 2,10d6,58.97,61.51,60.71,2024-08-12 09:44:47
Mummy Lord,Undead,5,Rank 0,5d2+4,10.87,9.1,10.96,2024-08-12 09:44:47
Bronze Faerie,Fey,13,Rank 1,13d4,52.8,52.5,53.93,2024-08-12 09:44:47
Imp,Demonic,10,Rank 2,10d6+1,60.28,57.62,57.02,2024-08-12 09:44:47
Kobold Archer,Devilkin,14,Rank 4,14d10,143.85,139.41,143.44,2024-08-12 09:44:47
Green Faerie,Fey,3,Rank 2,3d6+2,18.44,19.5,20.98,2024-08-12 09:44:47
Hell Hound,Demonic,11,Rank 1,11d4,44.55,43.03,44.85,2024-08-12 09:44:47
Flame Devil,Devilkin,2,Rank 2,2d6,14.92,14.48,11.76,2024-08-12 09:44:47
Efreeti,Elemental,9,Rank 0,9d2,18.63,18.57,18.02,2024-08-12 09:44:47
Prismatic Drake,Dragon,13,Rank 0,13d2,26.78,25.61,26.42,2024-08-12 09:44:47
Blue Demon,Demonic,7,Rank 2,7d6+3,43.42,41.4,40.33,2024-08-12 09:44:47
Demilich,Undead,14,Rank 2,14d6,82.01,85.73,86.72,2024-08-12 09:44:47
Dust Mephit,Elemental,19,Rank 2,19d6+1,113.99,114.34,115.04,2024-08-12 09:44:47
Onyx Dragon,Dragon,4,Rank 4,4d10,41.35,38.78,36.8,2024-08-12 09:44:47
Balor,Demonic,12,Rank 4,12d10+2,123.58,123.15,122.47,2024-08-12 09:44:47
Prince of Fear,Devilkin,9,Rank 0,9d2+2,17.27,17.81,18.39,2024-08-12 09:44:47
Lightning Archfey,Fey,6,Rank 1,6d4,23.87,23.36,22.83,2024-08-12 09:44:47
Ghast,Undead,3,Rank 2,3d6,16.39,16.62,19.73,2024-08-12 09:44:47
Goblin Villager,Devilkin,1,Rank 3,1d8,5.49,5.56,10.86,2024-08-12 09:44:47
Spore Spirit,Fey,9,Rank 2,9d6+1,55.65,54.13,55.58,2024-08-12 09:44:47
Hook Horror,Demonic,4,Rank 0,4d2,8.7,7.25,7.96,2024-08-12 09:44:47
Steam Elemental,Elemental,10,Rank 1,10d4,40.43,41.32,40.25,2024-08-12 09:44:47
Sapphire Wyrmling,Dragon,4,Rank 2,4d6+5,25.34,24.04,25.88,2024-08-12 09:44:47
Wight,Undead,9,Rank 0,9d2+3,18.41,17.04,18.01,2024-08-12 09:44:47
Ice Mephit,Elemental,10,Rank 1,10d4+2,40.18,39.12,41.28,2024-08-12 09:44:47
Blue Archfey,Fey,9,Rank 0,9d2+2,18.88,18.68,17.59,2024-08-12 09:44:47
Hook Horror,Demonic,3,Rank 0,3d2+1,6.08,6.71,6.54,2024-08-12 09:44:47
Incubus,Devilkin,11,Rank 1,11d4+1,42.55,43.09,43.02,2024-08-12 09:44:47
Green Drake,Dragon,3,Rank 1,3d4+1,10.15,11.01,11.86,2024-08-12 09:44:47
Pit Lord,Devilkin,9,Rank 0,9d2,18.39,17.64,17.32,2024-08-12 09:44:47
Prismatic Faerie,Fey,6,Rank 0,6d2,12.43,12.41,12.49,2024-08-12 09:44:47
Quasit,Demonic,4,Rank 2,4d6+1,24.68,22.8,23.36,2024-08-12 09:44:47
Efreeti,Elemental,5,Rank 0,5d2+3,10.06,9.53,10.45,2024-08-12 09:44:47
Faerie Dragon,Dragon,5,Rank 0,5d2+1,10.88,10.49,10.05,2024-08-12 09:44:47
Skeletal Knight,Undead,8,Rank 2,8d6+1,48.15,48.83,47.47,2024-08-12 09:44:47
Kobold Mage,Devilkin,2,Rank 1,2d4,8.05,7.37,8.74,2024-08-12 09:44:47
Magma Archfey,Fey,17,Rank 3,17d8+1,136.22,134.63,135.7,2024-08-12 09:44:47
Hell Hound,Demonic,16,Rank 2,16d6+3,95.93,96.72,95.04,2024-08-12 09:44:47
Prince of Fear,Devilkin,6,Rank 0,6d2+1,12.48,12.9,12.97,2024-08-12 09:44:47
Blue Faerie,Fey,3,Rank 0,3d2+3,6.85,5.25,5.17,2024-08-12 09:44:47
Hook Horror,Demonic,8,Rank 1,8d4+1,30.16,31.46,32.19,2024-08-12 09:44:47
Steam Devil,Devilkin,7,Rank 0,7d2+4,14.41,13.14,14.52,2024-08-12 09:44:47
Mud Mephit,Elemental,6,Rank 5,6d12,70.09,69.67,72.22,2024-08-12 09:44:47
Faerie Dragon,Dragon,3,Rank 1,3d4,12.01,10.52,10.68,2024-08-12 09:44:47
Ghast,Undead,1,Rank 3,1d8+1,5.07,7.41,5.21,2024-08-12 09:44:47
Green Faerie,Fey,8,Rank 0,8d2+3,15.35,15.94,15.03,2024-08-12 09:44:47
Wyvern,Dragon,7,Rank 4,7d10,72.9,73.45,65.39,2024-08-12 09:44:47
Imp,Demonic,20,Rank 3,20d8+1,160.05,160.64,160.27,2024-08-12 09:44:47
Skeletal Villager,Undead,10,Rank 3,10d8+1,78.42,78.96,79.84,2024-08-12 09:44:47
Shadow Mephit,Elemental,12,Rank 3,12d8,96.97,93.82,98.41,2024-08-12 09:44:47
Brass Dragon,Dragon,3,Rank 2,3d6+1,19.23,18.88,18.02,2024-08-12 09:44:47
Goblin Guard,Devilkin,5,Rank 0,5d2,10.25,10.66,10.65,2024-08-12 09:44:47
Diamond Archfey,Fey,5,Rank 0,5d2+4,10.18,9.32,9.53,2024-08-12 09:44:47
Poltergeist,Undead,11,Rank 4,11d10+2,106.71,105.88,108.73,2024-08-12 09:44:47
Steam Spirit,Fey,18,Rank 2,18d6+4,107.13,110.48,108.01,2024-08-12 09:44:47
Hell Hound,Demonic,16,Rank 2,16d6+1,95.93,94.01,98.71,2024-08-12 09:44:47
Pit Lord,Devilkin,8,Rank 3,8d8+1,62.33,60.44,62.71,2024-08-12 09:44:47
Efreeti,Elemental,11,Rank 0,11d2+2,22.08,21.83,22.74,2024-08-12 09:44:47
Wyvern,Dragon,5,Rank 2,5d6,31.33,30.3,27.14,2024-08-12 09:44:47
Imp,Demonic,6,Rank 3,6d8+1,47.39,49.01,47.19,2024-08-12 09:44:47
Smoke Elemental,Elemental,8,Rank 0,8d2,16.74,15.94,15.85,2024-08-12 09:44:47
Bronze Drake,Dragon,10,Rank 1,10d4+1,39.96,40.68,39.04,2024-08-12 09:44:47
Dracolich,Undead,10,Rank 0,10d2+3,19.07,19.26,20.27,2024-08-12 09:44:47
Magma Mephit,Elemental,3,Rank 0,3d2,5.75,6.68,6.79,2024-08-12 09:44:47
Green Drake,Dragon,3,Rank 1,3d4,13.98,11.46,11.42,2024-08-12 09:44:47
Skeletal Archer,Undead,15,Rank 1,15d4+5,59.77,58.16,60.57,2024-08-12 09:44:47
Dust Elemental,Elemental,15,Rank 4,15d10+1,147.76,147.55,153.93,2024-08-12 09:44:47
Brass Wyrmling,Dragon,13,Rank 3,13d8+2,100.51,103.35,107.22,2024-08-12 09:44:47
Dracolich,Undead,2,Rank 0,2d2+3,4.38,3.78,3.32,2024-08-12 09:44:47
Djinni,Elemental,8,Rank 0,8d2+3,15.27,15.12,15.52,2024-08-12 09:44:47
Ruby Faerie,Fey,8,Rank 0,8d2,16.14,16.38,16.31,2024-08-12 09:44:47
Balor,Demonic,19,Rank 0,19d2+3,38.05,38.1,37.49,2024-08-12 09:44:47
Goblin Villager,Devilkin,9,Rank 3,9d8,71.45,73.86,71.8,2024-08-12 09:44:47
Platinum Wyrmling,Dragon,10,Rank 5,10d12+3,120.83,115.65,123.46,2024-08-12 09:44:47
Lich King,Undead,2,Rank 3,2d8+3,17.62,15.9,13.88,2024-08-12 09:44:47
Mud Elemental,Elemental,6,Rank 3,6d8+1,46.04,50.26,47.87,2024-08-12 09:44:47
Wyvern,Dragon,13,Rank 3,13d8+3,101.34,106.5,103.76,2024-08-12 09:44:47
Wraith,Undead,15,Rank 0,15d2+2,29.13,30.13,29.13,2024-08-12 09:44:47
Shadow Archfey,Fey,7,Rank 3,7d8,53.93,56.69,55.14,2024-08-12 09:44:47
Ghoul,Undead,3,Rank 1,3d4,12.54,11.99,10.9,2024-08-12 09:44:47
Efreeti,Elemental,5,Rank 1,5d4,19.19,19.39,19.17,2024-08-12 09:44:47
Black Drake,Dragon,7,Rank 2,7d6+1,41.05,42.31,43.35,2024-08-12 09:44:47
Poltergeist,Undead,11,Rank 4,11d10+1,107.64,107.25,114.35,2024-08-12 09:44:47
Djinni,Elemental,3,Rank 0,3d2+4,6.05,6.19,6.16,2024-08-12 09:44:47
Gold Dragon,Dragon,4,Rank 0,4d2,8.89,7.16,8.0,2024-08-12 09:44:47
Pit Lord,Devilkin,7,Rank 5,7d12+3,83.39,82.6,84.14,2024-08-12 09:44:47
Ice Spirit,Fey,8,Rank 1,8d4+5,32.55,32.11,30.29,2024-08-12 09:44:47
Death Knight,Undead,6,Rank 3,6d8+3,50.48,50.25,49.87,2024-08-12 09:44:47
Ruby Archfey,Fey,10,Rank 0,10d2+2,19.24,19.74,19.24,2024-08-12 09:44:47
Balor,Demonic,6,Rank 0,6d2+1,12.88,12.69,12.89,2024-08-12 09:44:47
Poltergeist,Undead,10,Rank 0,10d2+3,20.25,19.33,19.62,2024-08-12 09:44:47
Efreeti,Elemental,9,Rank 0,9d2+1,18.99,18.52,17.43,2024-08-12 09:44:47
Mud Spirit,Fey,19,Rank 2,19d6,112.95,113.38,112.09,2024-08-12 09:44:47
Skeletal Guard,Undead,15,Rank 0,15d2+1,30.86,29.76,29.76,2024-08-12 09:44:47
Djinni,Elemental,11,Rank 3,11d8+1,85.06,88.44,88.53,2024-08-12 09:44:47
Spore Archfey,Fey,4,Rank 5,4d12,42.44,46.07,44.18,2024-08-12 09:44:47
Platinum Drake,Dragon,3,Rank 2,3d6+1,18.46,19.58,16.05,2024-08-12 09:44:47
Pit Lord,Devilkin,15,Rank 3,15d8+1,119.85,119.48,120.08,2024-08-12 09:44:47
Efreeti,Elemental,9,Rank 3,9d8,72.79,72.66,73.49,2024-08-12 09:44:47
White Demon,Demonic,4,Rank 4,4d10+1,38.63,40.91,39.95,2024-08-12 09:44:47
Steam Devil,Devilkin,10,Rank 0,10d2+1,19.07,19.59,20.72,2024-08-12 09:44:47
Sapphire Faerie,Fey,6,Rank 4,6d10+1,57.91,64.14,61.06,2024-08-12 09:44:47
Quasit,Demonic,13,Rank 0,13d2,26.72,26.9,25.09,2024-08-12 09:44:47
Lightning Elemental,Elemental,6,Rank 3,6d8+1,50.74,47.01,50.7,2024-08-12 09:44:47
Ruby Wyrmling,Dragon,10,Rank 0,10d2+4,19.77,19.72,20.69,2024-08-12 09:44:47
Copper Demon,Demonic,8,Rank 0,8d2+3,16.29,16.9,16.92,2024-08-12 09:44:47
Spore Mephit,Elemental,12,Rank 0,12d2+1,24.99,23.71,23.82,2024-08-12 09:44:47
Hell Hound,Demonic,2,Rank 0,2d2+3,3.07,3.72,3.67,2024-08-12 09:44:47
Ice Devil,Devilkin,17,Rank 3,17d8+1,132.44,133.78,134.18,2024-08-12 09:44:47
Magma Spirit,Fey,4,Rank 4,4d10+4,39.39,35.64,42.37,2024-08-12 09:44:47
Pseudodragon,Dragon,15,Rank 0,15d2+1,30.84,29.48,29.6,2024-08-12 09:44:47
Death Knight,Undead,7,Rank 1,7d4+2,28.19,26.95,27.43,2024-08-12 09:44:47
Efreeti,Elemental,3,Rank 3,3d8,22.33,26.71,26.91,2024-08-12 09:44:47
Black Drake,Dragon,3,Rank 5,3d12+1,35.76,37.09,32.3,2024-08-12 09:44:47
Death Knight,Undead,10,Rank 1,10d4+2,40.06,40.54,40.05,2024-08-12 09:44:47
Efreeti,Elemental,6,Rank 3,6d8+4,46.36,48.79,45.78,2024-08-12 09:44:47
Faerie Dragon,Dragon,11,Rank 1,11d4+1,45.87,44.41,43.82,2024-08-12 09:44:47
Death Knight,Undead,8,Rank 2,8d6+4,48.9,49.12,49.22,2024-08-12 09:44:47
Djinni,Elemental,6,Rank 2,6d6+1,35.9,37.42,36.22,2024-08-12 09:44:47
Pseudodragon,Dragon,13,Rank 4,13d10+3,126.92,131.05,132.1,2024-08-12 09:44:47
Ghostly Archer,Undead,16,Rank 1,16d4+2,64.68,63.05,64.46,2024-08-12 09:44:47
Efreeti,Elemental,9,Rank 1,9d4,34.8,36.02,35.72,2024-08-12 09:44:47
Night Hag,Demonic,7,Rank 2,7d6+2,42.62,39.01,41.52,2024-08-12 09:44:47
Pit Lord,Devilkin,6,Rank 5,6d12+1,66.23,68.79,71.65,2024-08-12 09:44:47
Faerie Dragon,Dragon,2,Rank 0,2d2,4.29,3.96,4.92,2024-08-12 09:44:47
Mummy Lord,Undead,6,Rank 0,6d2+2,11.27,11.36,11.6,2024-08-12 09:44:47
Steam Mephit,Elemental,2,Rank 0,2d2+3,3.57,4.67,3.41,2024-08-12 09:44:47
Balor,Demonic,13,Rank 2,13d6+2,77.44,79.22,75.52,2024-08-12 09:44:47
Goblin Knight,Devilkin,8,Rank 1,8d4,30.76,31.24,30.2,2024-08-12 09:44:47
Prismatic Archfey,Fey,12,Rank 0,12d2,24.58,23.73,23.99,2024-08-12 09:44:47
Lich,Undead,4,Rank 1,4d4+3,17.01,15.17,14.25,2024-08-12 09:44:47
Djinni,Elemental,15,Rank 1,15d4+1,60.13,60.65,61.0,2024-08-12 09:44:47
Faerie Dragon,Dragon,5,Rank 2,5d6,30.96,27.69,30.19,2024-08-12 09:44:47
Ghostly Mage,Undead,3,Rank 2,3d6+4,17.54,18.04,17.72,2024-08-12 09:44:47
Lightning Spirit,Fey,3,Rank 0,3d2+3,5.6,6.32,6.63,2024-08-12 09:44:47
Pit Fiend,Demonic,3,Rank 1,3d4+1,13.35,12.48,13.41,2024-08-12 09:44:47
Pit Lord,Devilkin,6,Rank 4,6d10+3,58.76,59.25,57.53,2024-08-12 09:44:47
Wyvern,Dragon,3,Rank 3,3d8,21.64,21.09,23.94,2024-08-12 09:44:47
Lich,Undead,7,Rank 0,7d2+1,14.22,13.43,14.32,2024-08-12 09:44:47
Djinni,Elemental,11,Rank 2,11d6+3,68.02,64.53,63.91,2024-08-12 09:44:47
Imp,Demonic,13,Rank 1,13d4+2,52.19,51.53,52.36,2024-08-12 09:44:47
Goblin Villager,Devilkin,7,Rank 4,7d10,73.07,67.34,66.53,2024-08-12 09:44:47
White Wyrmling,Dragon,13,Rank 3,13d8+2,105.58,106.62,101.98,2024-08-12 09:44:47
Balor,Demonic,2,Rank 2,2d6,12.66,13.95,12.12,2024-08-12 09:44:47
Kobold Guard,Devilkin,13,Rank 2,13d6+1,79.95,76.39,76.31,2024-08-12 09:44:47
Spore Spirit,Fey,6,Rank 2,6d6+2,33.75,37.51,37.98,2024-08-12 09:44:47
Imp,Demonic,18,Rank 2,18d6+2,110.26,107.08,108.58,2024-08-12 09:44:47
Death Knight,Undead,11,Rank 2,11d6+1,64.69,65.34,65.38,2024-08-12 09:44:47
Djinni,Elemental,2,Rank 4,2d10+4,23.82,23.25,19.19,2024-08-12 09:44:47
Faerie Dragon,Dragon,11,Rank 0,11d2,21.11,21.55,22.37,2024-08-12 09:44:47
Lich,Undead,7,Rank 1,7d4+2,27.57,29.22,29.72,2024-08-12 09:44:47
Goblin Archer,Devilkin,3,Rank 3,3d8,24.19,22.57,22.51,2024-08-12 09:44:47
Silver Faerie,Fey,5,Rank 1,5d4,19.64,20.72,19.39,2024-08-12 09:44:47
Night Hag,Demonic,19,Rank 0,19d2+1,38.63,37.05,38.32,2024-08-12 09:44:47
Skeletal Knight,Undead,17,Rank 2,17d6+2,101.14,100.17,100.51,2024-08-12 09:44:47
Diamond Faerie,Fey,11,Rank 2,11d6+2,64.81,67.97,67.17,2024-08-12 09:44:47
Hell Hound,Demonic,7,Rank 2,7d6,43.34,41.65,44.29,2024-08-12 09:44:47
Pit Lord,Devilkin,7,Rank 4,7d10+3,66.11,69.16,72.02,2024-08-12 09:44:47
White Wyrmling,Dragon,3,Rank 2,3d6+2,15.19,17.95,16.48,2024-08-12 09:44:47
Banshee,Undead,4,Rank 4,4d10,44.69,38.54,42.26,2024-08-12 09:44:47
Djinni,Elemental,8,Rank 2,8d6+1,50.47,47.2,48.34,2024-08-12 09:44:47
Silver Wyrmling,Dragon,17,Rank 0,17d2+2,33.39,33.2,33.29,2024-08-12 09:44:47
Poltergeist,Undead,5,Rank 0,5d2+2,10.29,10.1,9.35,2024-08-12 09:44:47
Efreeti,Elemental,11,Rank 1,11d4,43.82,44.9,43.04,2024-08-12 09:44:47
Gold Wyrmling,Dragon,19,Rank 1,19d4+1,74.99,76.13,74.83,2024-08-12 09:44:47
Wight,Undead,10,Rank 2,10d6+1,60.57,62.85,58.43,2024-08-12 09:44:47
Dust Mephit,Elemental,9,Rank 2,9d6+1,56.61,52.81,55.57,2024-08-12 09:44:47
Wyvern,Dragon,11,Rank 0,11d2+1,21.35,21.58,23.0,2024-08-12 09:44:47
Kobold Mage,Devilkin,14,Rank 0,14d2+1,27.14,27.33,27.65,2024-08-12 09:44:47
Mud Elemental,Elemental,7,Rank 4,7d10,74.17,69.93,73.67,2024-08-12 09:44:47
White Demon,Demonic,3,Rank 0,3d2+4,6.72,6.28,6.46,2024-08-12 09:44:47
Goblin Archer,Devilkin,12,Rank 0,12d2,24.03,24.62,23.31,2024-08-12 09:44:47
Silver Dragon,Dragon,4,Rank 0,4d2+4,7.09,8.13,8.15,2024-08-12 09:44:47
Death Knight,Undead,1,Rank 1,1d4+2,4.88,4.9,4.97,2024-08-12 09:44:47
Efreeti,Elemental,10,Rank 0,10d2+1,19.03,20.54,20.11,2024-08-12 09:44:47
Faerie Dragon,Dragon,16,Rank 2,16d6,97.78,98.67,95.1,2024-08-12 09:44:47
Pit Lord,Devilkin,4,Rank 4,4d10+1,39.97,42.32,39.1,2024-08-12 09:44:47
Diamond Drake,Dragon,2,Rank 3,2d8+2,15.84,16.86,16.36,2024-08-12 09:44:47
Skeletal Villager,Undead,10,Rank 1,10d4+1,38.98,41.26,39.74,2024-08-12 09:44:47
Spore Elemental,Elemental,8,Rank 2,8d6+4,45.51,46.15,47.22,2024-08-12 09:44:47
Pseudodragon,Dragon,13,Rank 0,13d2,26.44,26.95,26.63,2024-08-12 09:44:47
Incubus,Devilkin,11,Rank 2,11d6,64.7,65.66,63.82,2024-08-12 09:44:47
Copper Faerie,Fey,4,Rank 2,4d6,22.48,25.65,26.73,2024-08-12 09:44:47
Hook Horror,Demonic,5,Rank 3,5d8+2,40.64,39.61,41.92,2024-08-12 09:44:47
Goblin Guard,Devilkin,5,Rank 0,5d2,9.25,10.93,9.01,2024-08-12 09:44:47
Dust Spirit,Fey,8,Rank 2,8d6+2,50.11,49.89,46.52,2024-08-12 09:44:47
Mummy,Undead,15,Rank 0,15d2,30.3,29.93,30.15,2024-08-12 09:44:47
Lightning Mephit,Elemental,7,Rank 1,7d4+1,28.41,27.73,29.6,2024-08-12 09:44:47
Sapphire Drake,Dragon,13,Rank 1,13d4,51.17,51.77,53.31,2024-08-12 09:44:47
Zombie Archer,Undead,1,Rank 0,1d2+2,1.61,1.79,1.14,2024-08-12 09:44:47
Efreeti,Elemental,2,Rank 1,2d4+3,7.12,8.68,7.69,2024-08-12 09:44:47
Blue Drake,Dragon,7,Rank 1,7d4+4,29.0,29.33,28.16,2024-08-12 09:44:47
Lich King,Undead,18,Rank 2,18d6,109.98,105.49,106.68,2024-08-12 09:44:47
Magma Spirit,Fey,7,Rank 1,7d4+5,27.12,27.98,28.61,2024-08-12 09:44:47
Ghostly Villager,Undead,15,Rank 1,15d4+1,58.14,60.82,58.22,2024-08-12 09:44:47
Shadow Mephit,Elemental,4,Rank 4,4d10,43.44,39.9,37.41,2024-08-12 09:44:47
Lightning Archfey,Fey,3,Rank 2,3d6,18.89,18.49,16.33,2024-08-12 09:44:47
Night Hag,Demonic,6,Rank 1,6d4+1,24.24,23.39,25.33,2024-08-12 09:44:47
Dracolich,Undead,9,Rank 1,9d4+1,34.15,34.12,36.86,2024-08-12 09:44:47
White Archfey,Fey,14,Rank 1,14d4,55.25,55.13,57.41,2024-08-12 09:44:47
Nightmare,Demonic,3,Rank 3,3d8+4,20.67,21.68,20.21,2024-08-12 09:44:47
Prince of Fear,Devilkin,6,Rank 0,6d2+1,12.9,12.5,12.49,2024-08-12 09:44:47
Shadow Spirit,Fey,6,Rank 1,6d4+1,24.77,23.76,23.64,2024-08-12 09:44:47
Hook Horror,Demonic,9,Rank 2,9d6+2,53.06,54.64,55.38,2024-08-12 09:44:47
Djinni,Elemental,13,Rank 3,13d8+1,102.31,101.11,105.12,2024-08-12 09:44:47
Wyvern,Dragon,15,Rank 0,15d2+1,29.73,29.47,29.74,2024-08-12 09:44:47
Pit Lord,Devilkin,6,Rank 2,6d6+1,37.62,35.95,37.35,2024-08-12 09:44:47
Smoke Spirit,Fey,14,Rank 0,14d2,28.08,27.79,27.64,2024-08-12 09:44:47
Lich,Undead,16,Rank 0,16d2+1,32.07,31.47,31.81,2024-08-12 09:44:47
Magma Archfey,Fey,10,Rank 0,10d2,19.23,19.1,20.25,2024-08-12 09:44:47
Quasit,Demonic,8,Rank 1,8d4+4,32.08,31.63,33.0,2024-08-12 09:44:47
Death Knight,Undead,2,Rank 1,2d4+1,7.99,7.53,6.24,2024-08-12 09:44:47
Black Archfey,Fey,15,Rank 4,15d10+1,147.54,150.84,153.35,2024-08-12 09:44:47
Gold Demon,Demonic,4,Rank 2,4d6+1,25.1,22.15,26.56,2024-08-12 09:44:47
Revenant,Undead,9,Rank 1,9d4+3,36.75,36.3,35.97,2024-08-12 09:44:47
Efreeti,Elemental,8,Rank 2,8d6+1,49.38,48.59,47.48,2024-08-12 09:44:47
Faerie Dragon,Dragon,18,Rank 3,18d8+5,141.16,140.36,144.38,2024-08-12 09:44:47
Wraith,Undead,18,Rank 1,18d4+2,72.67,73.25,70.64,2024-08-12 09:44:47
Efreeti,Elemental,11,Rank 1,11d4,42.31,43.23,43.69,2024-08-12 09:44:47
Blue Wyrmling,Dragon,12,Rank 1,12d4+3,48.82,48.63,46.6,2024-08-12 09:44:47
Kobold Knight,Devilkin,14,Rank 0,14d2+2,27.83,28.01,27.37,2024-08-12 09:44:47
Spore Mephit,Elemental,10,Rank 0,10d2+2,19.5,19.56,20.3,2024-08-12 09:44:47
Wyvern,Dragon,3,Rank 4,3d10,34.67,29.92,26.6,2024-08-12 09:44:47
Banshee,Undead,7,Rank 2,7d6+2,43.06,39.61,43.81,2024-08-12 09:44:47
Green Faerie,Fey,12,Rank 1,12d4+1,47.78,48.35,47.02,2024-08-12 09:44:47
Wyvern,Dragon,12,Rank 0,12d2,24.22,23.52,23.12,2024-08-12 09:44:47
Lich King,Undead,5,Rank 4,5d10,45.25,53.92,53.43,2024-08-12 09:44:47
Djinni,Elemental,4,Rank 1,4d4+1,14.25,16.49,16.19,2024-08-12 09:44:47
Gold Faerie,Fey,5,Rank 3,5d8,39.93,41.01,41.47,2024-08-12 09:44:47
Faerie Dragon,Dragon,18,Rank 0,18d2+2,36.69,35.79,35.8,2024-08-12 09:44:47
Ghast,Undead,12,Rank 0,12d2,23.47,24.27,23.85,2024-08-12 09:44:47
Djinni,Elemental,9,Rank 0,9d2+4,18.6,17.42,17.06,2024-08-12 09:44:47
Faerie Dragon,Dragon,10,Rank 0,10d2+2,19.8,20.57,19.97,2024-08-12 09:44:47
Ghoul,Undead,12,Rank 3,12d8+2,96.93,98.83,97.47,2024-08-12 09:44:47
Prince of Fear,Devilkin,5,Rank 1,5d4,18.33,18.09,20.39,2024-08-12 09:44:47
Ice Spirit,Fey,5,Rank 3,5d8+4,38.42,41.83,42.49,2024-08-12 09:44:47
Pit Fiend,Demonic,6,Rank 3,6d8,48.82,49.42,46.87,2024-08-12 09:44:47
Pit Lord,Devilkin,4,Rank 0,4d2+2,8.95,8.49,7.93,2024-08-12 09:44:47
Platinum Faerie,Fey,5,Rank 1,5d4+4,21.54,18.34,19.9,2024-08-12 09:44:47
Ghostly Mage,Undead,11,Rank 1,11d4+2,44.85,43.15,44.28,2024-08-12 09:44:47
Lightning Elemental,Elemental,6,Rank 0,6d2+2,12.99,11.14,11.1,2024-08-12 09:44:47
Faerie Dragon,Dragon,7,Rank 0,7d2+3,13.66,14.71,13.59,2024-08-12 09:44:47
Revenant,Undead,9,Rank 3,9d8,74.04,71.01,74.76,2024-08-12 09:44:47
Spore Elemental,Elemental,18,Rank 1,18d4,71.67,72.75,71.41,2024-08-12 09:44:47
Hell Hound,Demonic,14,Rank 2,14d6+1,85.5,81.63,82.97,2024-08-12 09:44:47
Ice Elemental,Elemental,3,Rank 0,3d2+3,6.67,6.69,5.32,2024-08-12 09:44:47
Onyx Faerie,Fey,4,Rank 4,4d10+2,38.21,39.38,41.88,2024-08-12 09:44:47
Wyvern,Dragon,5,Rank 0,5d2+2,9.02,10.89,10.19,2024-08-12 09:44:47
Ghostly Villager,Undead,6,Rank 3,6d8+1,44.87,49.94,45.1,2024-08-12 09:44:47
Djinni,Elemental,8,Rank 2,8d6,49.06,48.66,47.34,2024-08-12 09:44:47
Wyvern,Dragon,11,Rank 0,11d2,21.88,21.95,21.4,2024-08-12 09:44:47
Black Demon,Demonic,15,Rank 4,15d10,153.21,150.08,154.91,2024-08-12 09:44:47
Goblin Guard,Devilkin,3,Rank 0,3d2+2,5.74,5.33,6.41,2024-08-12 09:44:47
Efreeti,Elemental,3,Rank 0,3d2+1,6.12,5.57,6.87,2024-08-12 09:44:47
Imp,Demonic,9,Rank 3,9d8,74.6,74.54,71.82,2024-08-12 09:44:47
Prince of Fear,Devilkin,8,Rank 0,8d2,15.97,16.05,16.83,2024-08-12 09:44:47
Lightning Archfey,Fey,6,Rank 1,6d4,25.14,24.08,24.86,2024-08-12 09:44:47
Mummy,Undead,9,Rank 0,9d2+2,17.98,17.45,17.34,2024-08-12 09:44:47
Diamond Archfey,Fey,2,Rank 1,2d4,6.08,6.22,8.32,2024-08-12 09:44:47
Wyvern,Dragon,10,Rank 1,10d4,38.49,39.67,40.03,2024-08-12 09:44:47
Hell Hound,Demonic,4,Rank 2,4d6+1,22.39,26.27,24.52,2024-08-12 09:44:47
Succubus,Devilkin,3,Rank 3,3d8+2,23.22,22.44,21.92,2024-08-12 09:44:47
Flame Spirit,Fey,3,Rank 0,3d2+1,5.85,6.45,6.63,2024-08-12 09:44:47
Mummy Lord,Undead,2,Rank 2,2d6,10.45,10.83,10.66,2024-08-12 09:44:47
Djinni,Elemental,4,Rank 0,4d2,8.88,7.78,7.42,2024-08-12 09:44:47
Hook Horror,Demonic,8,Rank 2,8d6,47.63,46.79,50.57,2024-08-12 09:44:47
Incubus,Devilkin,14,Rank 0,14d2+3,27.27,27.03,27.25,2024-08-12 09:44:47
Dust Archfey,Fey,16,Rank 4,16d10+3,159.99,156.68,159.64,2024-08-12 09:44:47
Demilich,Undead,3,Rank 3,3d8,25.74,22.91,23.81,2024-08-12 09:44:47
Copper Archfey,Fey,10,Rank 0,10d2+2,20.32,20.58,20.92,2024-08-12 09:44:47
Imp,Demonic,5,Rank 0,5d2+1,9.82,10.77,10.62,2024-08-12 09:44:47
Pit Lord,Devilkin,6,Rank 2,6d6+4,38.58,35.93,37.22,2024-08-12 09:44:47
Black Drake,Dragon,4,Rank 2,4d6+2,21.49,21.06,26.34,2024-08-12 09:44:47
Zombie Archer,Undead,8,Rank 4,8d10,81.02,81.18,80.81,2024-08-12 09:44:47
Lightning Archfey,Fey,16,Rank 4,16d10,159.46,162.51,157.58,2024-08-12 09:44:47
Night Hag,Demonic,4,Rank 2,4d6+2,25.98,24.1,22.71,2024-08-12 09:44:47
Efreeti,Elemental,3,Rank 5,3d12+2,31.96,37.47,37.62,2024-08-12 09:44:47
Prismatic Drake,Dragon,1,Rank 1,1d4,3.81,4.9,5.33,2024-08-12 09:44:47
Night Hag,Demonic,3,Rank 2,3d6+2,16.21,20.47,19.28,2024-08-12 09:44:47
Pit Lord,Devilkin,1,Rank 2,1d6+4,8.56,7.3,5.04,2024-08-12 09:44:47
Shadow Spirit,Fey,9,Rank 4,9d10+1,88.72,89.02,89.86,2024-08-12 09:44:47
Skeletal Knight,Undead,6,Rank 0,6d2+3,11.29,11.39,11.94,2024-08-12 09:44:47
Ice Elemental,Elemental,3,Rank 1,3d4+1,11.55,11.7,13.3,2024-08-12 09:44:47
Balor,Demonic,2,Rank 3,2d8,13.28,16.92,15.86,2024-08-12 09:44:47
Mud Mephit,Elemental,6,Rank 1,6d4+2,22.35,23.2,22.93,2024-08-12 09:44:47
Blue Wyrmling,Dragon,12,Rank 3,12d8+2,99.11,93.81,93.4,2024-08-12 09:44:47
Prince of Fear,Devilkin,6,Rank 1,6d4+4,24.38,22.63,24.34,2024-08-12 09:44:47
Onyx Faerie,Fey,5,Rank 4,5d10,48.31,47.18,45.24,2024-08-12 09:44:47
Quasit,Demonic,13,Rank 0,13d2,26.9,25.63,26.56,2024-08-12 09:44:47
Goblin Guard,Devilkin,7,Rank 1,7d4,28.07,29.95,26.06,2024-08-12 09:44:47
Red Faerie,Fey,8,Rank 0,8d2+3,16.8,15.75,16.12,2024-08-12 09:44:47
Pseudodragon,Dragon,5,Rank 2,5d6+1,29.74,28.92,31.08,2024-08-12 09:44:47
Banshee,Undead,4,Rank 1,4d4+3,15.99,16.53,15.05,2024-08-12 09:44:47
Djinni,Elemental,11,Rank 3,11d8+2,87.51,90.68,87.77,2024-08-12 09:44:47
Ruby Demon,Demonic,1,Rank 4,1d10+1,8.33,11.34,10.28,2024-08-12 09:44:47
Kobold Archer,Devilkin,8,Rank 1,8d4+1,33.26,33.4,32.92,2024-08-12 09:44:47
Onyx Archfey,Fey,7,Rank 2,7d6,41.19,42.25,40.95,2024-08-12 09:44:47
Ghoul,Undead,13,Rank 1,13d4+1,51.23,52.08,53.6,2024-08-12 09:44:47
Magma Devil,Devilkin,11,Rank 2,11d6,67.92,66.42,64.85,2024-08-12 09:44:47
Faerie Dragon,Dragon,13,Rank 3,13d8+2,102.74,104.94,100.97,2024-08-12 09:44:47
Death Knight,Undead,14,Rank 0,14d2+4,27.48,27.45,28.56,2024-08-12 09:44:47
Steam Mephit,Elemental,7,Rank 2,7d6+1,43.79,39.02,44.69,2024-08-12 09:44:47
Pseudodragon,Dragon,12,Rank 0,12d2,23.21,24.84,23.75,2024-08-12 09:44:47
Succubus,Devilkin,5,Rank 1,5d4+2,18.28,18.64,18.93,2024-08-12 09:44:47
Silver Faerie,Fey,8,Rank 4,8d10+3,80.88,81.19,81.43,2024-08-12 09:44:47
Pit Fiend,Demonic,8,Rank 0,8d2+2,16.0,16.99,16.12,2024-08-12 09:44:47
Pit Lord,Devilkin,6,Rank 1,6d4+3,24.08,23.32,23.02,2024-08-12 09:44:47
Lightning Spirit,Fey,11,Rank 0,11d2+1,21.44,21.8,21.04,2024-08-12 09:44:47
Nightmare,Demonic,7,Rank 1,7d4,28.47,29.94,28.95,2024-08-12 09:44:47
Pit Lord,Devilkin,8,Rank 1,8d4+1,32.08,30.99,30.33,2024-08-12 09:44:47
Shadow Archfey,Fey,11,Rank 1,11d4,43.93,43.43,42.64,2024-08-12 09:44:47
Wyvern,Dragon,11,Rank 0,11d2,21.58,22.77,21.67,2024-08-12 09:44:47
Vampire,Undead,13,Rank 3,13d8+3,106.76,102.46,105.17,2024-08-12 09:44:47
Djinni,Elemental,8,Rank 1,8d4+1,33.72,33.0,31.5,2024-08-12 09:44:47
Balor,Demonic,3,Rank 4,3d10+4,34.32,32.98,32.12,2024-08-12 09:44:47
Lich,Undead,8,Rank 1,8d4,33.08,30.33,33.95,2024-08-12 09:44:47
Prince of Fear,Devilkin,3,Rank 0,3d2+2,5.83,6.27,5.05,2024-08-12 09:44:47
Diamond Faerie,Fey,3,Rank 4,3d10+3,29.26,31.43,30.99,2024-08-12 09:44:47
Banshee,Undead,3,Rank 1,3d4+4,12.71,12.93,11.49,2024-08-12 09:44:47
Dust Mephit,Elemental,10,Rank 2,10d6+1,62.33,61.84,60.8,2024-08-12 09:44:47
Imp,Demonic,6,Rank 0,6d2+3,12.35,11.34,12.12,2024-08-12 09:44:47
Kobold Villager,Devilkin,8,Rank 0,8d2,16.75,16.31,15.53,2024-08-12 09:44:47
Copper Archfey,Fey,6,Rank 2,6d6+3,37.77,38.57,36.2,2024-08-12 09:44:47
Faerie Dragon,Dragon,6,Rank 2,6d6+1,33.37,35.77,37.78,2024-08-12 09:44:47
Revenant,Undead,6,Rank 2,6d6+1,34.4,35.06,34.61,2024-08-12 09:44:47
Mud Mephit,Elemental,9,Rank 2,9d6+1,52.53,55.61,55.74,2024-08-12 09:44:47
Silver Wyrmling,Dragon,9,Rank 2,9d6+1,53.78,51.59,52.55,2024-08-12 09:44:47
Zombie Guard,Undead,6,Rank 1,6d4+3,22.9,23.16,25.57,2024-08-12 09:44:47
Spore Archfey,Fey,12,Rank 0,12d2,23.82,24.62,23.96,2024-08-12 09:44:47
Balor,Demonic,3,Rank 5,3d12+2,39.85,39.7,40.82,2024-08-12 09:44:47
Dust Mephit,Elemental,14,Rank 1,14d4+2,57.2,57.74,54.36,2024-08-12 09:44:47
Quasit,Demonic,12,Rank 4,12d10+2,115.6,123.13,119.93,2024-08-12 09:44:47
Goblin Mage,Devilkin,8,Rank 1,8d4+2,30.08,32.15,30.15,2024-08-12 09:44:47
Ice Spirit,Fey,10,Rank 0,10d2+2,19.62,19.14,19.87,2024-08-12 09:44:47
Prismatic Wyrmling,Dragon,8,Rank 1,8d4+1,30.86,32.32,31.53,2024-08-12 09:44:47
Dracolich,Undead,13,Rank 0,13d2+3,26.0,25.04,26.85,2024-08-12 09:44:47
Lightning Spirit,Fey,16,Rank 3,16d8,126.87,125.79,131.81,2024-08-12 09:44:47
Hell Hound,Demonic,6,Rank 1,6d4+4,23.76,24.38,23.67,2024-08-12 09:44:47
Incubus,Devilkin,6,Rank 0,6d2,12.38,11.58,11.54,2024-08-12 09:44:47
Bronze Faerie,Fey,7,Rank 3,7d8+1,58.68,55.08,54.47,2024-08-12 09:44:47
Quasit,Demonic,15,Rank 1,15d4,60.67,60.68,61.1,2024-08-12 09:44:47
Flame Devil,Devilkin,7,Rank 2,7d6+1,41.15,40.81,44.14,2024-08-12 09:44:47
Faerie Dragon,Dragon,12,Rank 2,12d6+1,72.67,71.65,73.74,2024-08-12 09:44:47
Revenant,Undead,3,Rank 1,3d4,10.11,11.66,13.78,2024-08-12 09:44:47
Spore Mephit,Elemental,19,Rank 1,19d4,74.78,75.99,76.16,2024-08-12 09:44:47
Green Wyrmling,Dragon,3,Rank 3,3d8+3,26.6,20.69,25.96,2024-08-12 09:44:47
Pit Lord,Devilkin,3,Rank 1,3d4+1,10.37,12.62,12.37,2024-08-12 09:44:47
Ice Elemental,Elemental,2,Rank 4,2d10+1,19.52,22.02,23.14,2024-08-12 09:44:47
Faerie Dragon,Dragon,14,Rank 2,14d6,83.76,83.76,82.55,2024-08-12 09:44:47
Wraith,Undead,4,Rank 4,4d10+3,40.66,40.1,37.56,2024-08-12 09:44:47
Prismatic Faerie,Fey,6,Rank 2,6d6+1,34.36,37.81,36.05,2024-08-12 09:44:47
White Drake,Dragon,6,Rank 1,6d4,24.02,22.12,24.84,2024-08-12 09:44:47
Death Knight,Undead,13,Rank 2,13d6,79.46,78.83,75.74,2024-08-12 09:44:47
Mud Spirit,Fey,9,Rank 2,9d6+3,56.56,55.0,53.64,2024-08-12 09:44:47
Sapphire Dragon,Dragon,15,Rank 0,15d2,30.77,30.22,30.93,2024-08-12 09:44:47
Goblin Archer,Devilkin,9,Rank 2,9d6+2,56.35,52.04,53.39,2024-08-12 09:44:47
Pseudodragon,Dragon,8,Rank 0,8d2+3,16.22,16.51,16.46,2024-08-12 09:44:47
Succubus,Devilkin,3,Rank 4,3d10,32.18,26.35,31.58,2024-08-12 09:44:47
Brass Archfey,Fey,16,Rank 2,16d6,96.31,95.03,98.68,2024-08-12 09:44:47
Quasit,Demonic,6,Rank 2,6d6+2,37.19,36.05,34.82,2024-08-12 09:44:47
Pit Lord,Devilkin,15,Rank 0,15d2+2,29.75,29.11,29.99,2024-08-12 09:44:47
Bronze Faerie,Fey,2,Rank 1,2d4+2,7.01,6.26,6.67,2024-08-12 09:44:47
Pit Fiend,Demonic,9,Rank 0,9d2,17.47,18.55,17.73,2024-08-12 09:44:47
Pit Lord,Devilkin,3,Rank 1,3d4+4,13.45,12.7,10.62,2024-08-12 09:44:47
Pseudodragon,Dragon,7,Rank 0,7d2+3,14.43,13.71,14.87,2024-08-12 09:44:47
Mummy Lord,Undead,12,Rank 2,12d6,70.04,70.64,71.27,2024-08-12 09:44:47
Prince of Fear,Devilkin,5,Rank 4,5d10+1,53.52,45.45,49.07,2024-08-12 09:44:47
Shadow Spirit,Fey,2,Rank 1,2d4+4,7.23,7.45,8.31,2024-08-12 09:44:47
Black Drake,Dragon,16,Rank 2,16d6+2,96.2,97.46,97.78,2024-08-12 09:44:47
Ghoul,Undead,11,Rank 1,11d4+1,44.96,43.57,45.37,2024-08-12 09:44:47
Efreeti,Elemental,13,Rank 4,13d10+4,133.36,133.42,130.28,2024-08-12 09:44:47
Prismatic Drake,Dragon,4,Rank 2,4d6+1,25.43,25.95,21.77,2024-08-12 09:44:47
Goblin Villager,Devilkin,3,Rank 2,3d6+3,19.21,19.47,18.27,2024-08-12 09:44:47
Smoke Spirit,Fey,8,Rank 0,8d2,15.6,16.8,15.89,2024-08-12 09:44:47
Quasit,Demonic,3,Rank 1,3d4,10.88,13.58,11.69,2024-08-12 09:44:47
Mummy Lord,Undead,16,Rank 2,16d6,96.88,95.2,95.77,2024-08-12 09:44:47
Pit Lord,Devilkin,5,Rank 0,5d2+1,9.68,10.66,10.15,2024-08-12 09:44:47
Bronze Faerie,Fey,8,Rank 1,8d4+1,32.5,31.13,32.98,2024-08-12 09:44:47
Balor,Demonic,7,Rank 0,7d2+4,13.04,13.66,14.28,2024-08-12 09:44:47
Flame Devil,Devilkin,9,Rank 2,9d6+2,54.16,52.9,55.5,2024-08-12 09:44:47
Steam Elemental,Elemental,3,Rank 4,3d10+1,32.26,29.61,32.02,2024-08-12 09:44:47
Black Drake,Dragon,2,Rank 2,2d6+1,12.16,11.27,9.96,2024-08-12 09:44:47
Goblin Guard,Devilkin,10,Rank 1,10d4+2,41.87,40.03,39.79,2024-08-12 09:44:47
Brass Wyrmling,Dragon,3,Rank 3,3d8+4,22.38,21.42,26.67,2024-08-12 09:44:47
Mummy Lord,Undead,6,Rank 1,6d4,22.94,25.74,23.32,2024-08-12 09:44:47
Lightning Spirit,Fey,7,Rank 0,7d2+2,14.0,14.76,14.62,2024-08-12 09:44:47
Faerie Dragon,Dragon,9,Rank 3,9d8,72.76,71.29,75.93,2024-08-12 09:44:47
Wight,Undead,6,Rank 0,6d2,11.74,11.06,12.64,2024-08-12 09:44:47
Platinum Faerie,Fey,5,Rank 3,5d8,41.43,38.01,36.38,2024-08-12 09:44:47
Ghostly Archer,Undead,13,Rank 0,13d2+1,26.43,25.45,26.97,2024-08-12 09:44:47
Flame Elemental,Elemental,13,Rank 0,13d2+3,25.39,25.2,26.88,2024-08-12 09:44:47
Emerald Wyrmling,Dragon,2,Rank 1,2d4+1,7.18,8.26,7.91,2024-08-12 09:44:47
Banshee,Undead,5,Rank 4,5d10,51.69,49.79,53.03,2024-08-12 09:44:47
Efreeti,Elemental,8,Rank 0,8d2+2,16.53,15.57,16.05,2024-08-12 09:44:47
Dust Spirit,Fey,4,Rank 1,4d4+1,17.5,16.19,17.52,2024-08-12 09:44:47
Death Knight,Undead,17,Rank 2,17d6+1,99.77,99.26,100.43,2024-08-12 09:44:47
Mud Elemental,Elemental,1,Rank 0,1d2+1,1.51,2.67,2.37,2024-08-12 09:44:47
Wyvern,Dragon,9,Rank 1,9d4,35.82,37.24,37.57,2024-08-12 09:44:47
Ghoul,Undead,5,Rank 5,5d12+3,59.95,62.35,64.38,2024-08-12 09:44:47
Spore Spirit,Fey,9,Rank 0,9d2+3,18.28,17.23,17.64,2024-08-12 09:44:47
Night Hag,Demonic,2,Rank 0,2d2,3.7,4.73,3.27,2024-08-12 09:44:47
Kobold Knight,Devilkin,10,Rank 0,10d2+2,20.92,19.58,20.57,2024-08-12 09:44:47
Brass Faerie,Fey,4,Rank 1,4d4+3,16.69,16.27,17.59,2024-08-12 09:44:47
Bronze Dragon,Dragon,3,Rank 1,3d4,10.1,12.64,13.0,2024-08-12 09:44:47
Lich,Undead,9,Rank 3,9d8+3,70.19,68.62,71.98,2024-08-12 09:44:47
Efreeti,Elemental,4,Rank 0,4d2,8.31,7.85,7.83,2024-08-12 09:44:47
Dust Spirit,Fey,11,Rank 1,11d4+1,45.82,45.62,42.7,2024-08-12 09:44:47
Nightmare,Demonic,4,Rank 0,4d2+3,7.19,7.24,7.58,2024-08-12 09:44:47
Djinni,Elemental,5,Rank 2,5d6+2,30.75,28.77,31.6,2024-08-12 09:44:47
Mud Archfey,Fey,14,Rank 0,14d2,27.72,28.16,28.68,2024-08-12 09:44:47
Hell Hound,Demonic,7,Rank 2,7d6,44.72,43.96,43.6,2024-08-12 09:44:47
Goblin Guard,Devilkin,11,Rank 1,11d4+1,44.78,43.99,43.94,2024-08-12 09:44:47
Efreeti,Elemental,16,Rank 1,16d4+4,64.57,64.62,62.84,2024-08-12 09:44:47
Balor,Demonic,6,Rank 0,6d2+2,12.31,12.29,11.33,2024-08-12 09:44:47
Efreeti,Elemental,3,Rank 1,3d4+2,12.93,12.93,12.75,2024-08-12 09:44:47
Black Dragon,Dragon,9,Rank 2,9d6+1,54.49,55.65,53.4,2024-08-12 09:44:47
Succubus,Devilkin,2,Rank 0,2d2+3,4.4,4.54,3.41,2024-08-12 09:44:47
Gold Archfey,Fey,3,Rank 0,3d2,6.8,6.73,6.8,2024-08-12 09:44:47
Bronze Wyrmling,Dragon,5,Rank 0,5d2+1,9.46,10.83,10.71,2024-08-12 09:44:47
Revenant,Undead,3,Rank 2,3d6+4,16.28,18.42,19.41,2024-08-12 09:44:47
Prince of Fear,Devilkin,4,Rank 3,4d8+2,33.47,34.29,28.92,2024-08-12 09:44:47
Spore Elemental,Elemental,2,Rank 0,2d2+2,3.41,4.51,3.09,2024-08-12 09:44:47
Onyx Wyrmling,Dragon,18,Rank 0,18d2+1,36.07,36.01,36.96,2024-08-12 09:44:47
Hook Horror,Demonic,1,Rank 2,1d6+1,4.02,4.43,4.66,2024-08-12 09:44:47
Goblin Mage,Devilkin,8,Rank 1,8d4+4,32.35,30.35,31.39,2024-08-12 09:44:47
Djinni,Elemental,11,Rank 1,11d4,43.78,43.93,44.72,2024-08-12 09:44:47
Ice Spirit,Fey,15,Rank 1,15d4,59.79,60.52,59.62,2024-08-12 09:44:47
Wyvern,Dragon,6,Rank 1,6d4+1,25.88,23.1,25.78,2024-08-12 09:44:47
Dracolich,Undead,12,Rank 2,12d6+2,71.24,70.7,73.68,2024-08-12 09:44:47
Goblin Villager,Devilkin,6,Rank 3,6d8+5,46.33,50.18,46.68,2024-08-12 09:44:47
Wyvern,Dragon,12,Rank 3,12d8+3,96.93,94.31,94.6,2024-08-12 09:44:47
Pit Lord,Devilkin,7,Rank 4,7d10+2,69.8,73.41,66.02,2024-08-12 09:44:47
Prismatic Faerie,Fey,9,Rank 0,9d2+2,17.38,17.13,17.33,2024-08-12 09:44:47
Lich,Undead,18,Rank 1,18d4+4,70.07,72.28,71.52,2024-08-12 09:44:47
Magma Elemental,Elemental,11,Rank 0,11d2+5,21.26,21.83,21.0,2024-08-12 09:44:47
White Dragon,Dragon,7,Rank 4,7d10+3,69.69,66.57,70.56,2024-08-12 09:44:47
Black Demon,Demonic,11,Rank 0,11d2+5,21.73,22.21,22.86,2024-08-12 09:44:47
Shadow Devil,Devilkin,7,Rank 3,7d8+1,57.7,53.34,58.77,2024-08-12 09:44:47
Gold Drake,Dragon,13,Rank 3,13d8+4,104.57,103.56,105.36,2024-08-12 09:44:47
Pit Fiend,Demonic,11,Rank 2,11d6+2,64.33,67.85,66.67,2024-08-12 09:44:47
Kobold Guard,Devilkin,12,Rank 1,12d4+4,47.86,48.13,48.21,2024-08-12 09:44:47
Bronze Dragon,Dragon,8,Rank 0,8d2+3,15.35,16.29,15.54,2024-08-12 09:44:47
Imp,Demonic,11,Rank 1,11d4+3,43.62,45.69,45.0,2024-08-12 09:44:47
Ice Elemental,Elemental,14,Rank 0,14d2+1,28.39,27.25,28.29,2024-08-12 09:44:47
Pseudodragon,Dragon,2,Rank 1,2d4+4,7.31,6.14,7.62,2024-08-12 09:44:47
Mummy Lord,Undead,2,Rank 2,2d6,10.13,9.55,13.08,2024-08-12 09:44:47
Mud Mephit,Elemental,19,Rank 0,19d2,38.48,37.02,38.76,2024-08-12 09:44:47
Onyx Faerie,Fey,15,Rank 2,15d6+2,89.03,89.5,89.47,2024-08-12 09:44:47
Night Hag,Demonic,13,Rank 2,13d6+3,75.1,76.97,77.14,2024-08-12 09:44:47
Shadow Devil,Devilkin,3,Rank 1,3d4,12.75,13.49,12.91,2024-08-12 09:44:47
Smoke Spirit,Fey,13,Rank 2,13d6+1,79.01,75.87,77.09,2024-08-12 09:44:47
Night Hag,Demonic,3,Rank 2,3d6+1,15.37,16.84,20.48,2024-08-12 09:44:47
Goblin Archer,Devilkin,8,Rank 1,8d4+1,30.5,32.16,31.07,2024-08-12 09:44:47
Mud Archfey,Fey,7,Rank 0,7d2+3,13.84,13.4,13.16,2024-08-12 09:44:47
Ghostly Villager,Undead,10,Rank 1,10d4,40.42,40.59,39.53,2024-08-12 09:44:47
Shadow Elemental,Elemental,2,Rank 2,2d6,11.8,9.03,10.25,2024-08-12 09:44:47
Faerie Dragon,Dragon,10,Rank 0,10d2+3,20.14,19.23,20.75,2024-08-12 09:44:47
Death Knight,Undead,13,Rank 2,13d6+3,80.86,80.54,78.07,2024-08-12 09:44:47
Red Faerie,Fey,15,Rank 3,15d8+4,120.28,120.82,120.88,2024-08-12 09:44:47
Balor,Demonic,15,Rank 2,15d6+1,88.81,92.18,87.98,2024-08-12 09:44:47
Pit Lord,Devilkin,2,Rank 1,2d4+2,6.87,6.17,7.57,2024-08-12 09:44:47
Blue Faerie,Fey,4,Rank 2,4d6+2,24.16,24.61,25.8,2024-08-12 09:44:47
Balor,Demonic,13,Rank 3,13d8+2,102.71,100.76,103.6,2024-08-12 09:44:47
Incubus,Devilkin,4,Rank 2,4d6,21.11,24.25,26.7,2024-08-12 09:44:47
Djinni,Elemental,12,Rank 1,12d4+1,48.13,47.1,48.97,2024-08-12 09:44:47
Wyvern,Dragon,11,Rank 0,11d2+1,22.61,22.67,21.84,2024-08-12 09:44:47
Ghast,Undead,7,Rank 2,7d6,43.78,43.3,39.68,2024-08-12 09:44:47
Green Faerie,Fey,2,Rank 3,2d8,15.08,17.95,16.67,2024-08-12 09:44:47
Lich King,Undead,8,Rank 1,8d4+1,31.62,30.33,31.32,2024-08-12 09:44:47
Djinni,Elemental,9,Rank 3,9d8+2,68.36,72.98,69.16,2024-08-12 09:44:47
Silver Wyrmling,Dragon,10,Rank 0,10d2,19.9,19.38,20.13,2024-08-12 09:44:47
Prince of Fear,Devilkin,3,Rank 0,3d2,6.63,5.04,5.78,2024-08-12 09:44:47
Pseudodragon,Dragon,4,Rank 1,4d4,17.91,16.92,15.73,2024-08-12 09:44:47
Vampire,Undead,4,Rank 1,4d4+2,15.39,15.74,16.88,2024-08-12 09:44:47
Efreeti,Elemental,4,Rank 0,4d2+2,7.15,7.66,7.47,2024-08-12 09:44:47
Ruby Archfey,Fey,3,Rank 0,3d2+1,5.23,6.77,6.75,2024-08-12 09:44:47
Pseudodragon,Dragon,16,Rank 3,16d8+3,131.83,128.58,130.04,2024-08-12 09:44:47
Ghast,Undead,2,Rank 0,2d2,3.61,3.01,3.23,2024-08-12 09:44:47
Efreeti,Elemental,13,Rank 4,13d10+2,128.1,134.22,131.08,2024-08-12 09:44:47
Emerald Drake,Dragon,5,Rank 1,5d4+2,20.26,19.58,19.08,2024-08-12 09:44:47
Imp,Demonic,7,Rank 2,7d6+1,40.05,42.13,43.84,2024-08-12 09:44:47
Pit Lord,Devilkin,4,Rank 2,4d6+5,23.18,25.88,22.14,2024-08-12 09:44:47
Efreeti,Elemental,17,Rank 2,17d6+3,99.27,102.13,102.36,2024-08-12 09:44:47
Wyvern,Dragon,13,Rank 4,13d10,127.55,130.19,131.04,2024-08-12 09:44:47
Zombie Guard,Undead,3,Rank 0,3d2,5.66,6.46,6.83,2024-08-12 09:44:47
Ice Mephit,Elemental,9,Rank 0,9d2,18.95,17.34,17.11,2024-08-12 09:44:47
Magma Spirit,Fey,10,Rank 3,10d8+3,76.78,77.48,81.35,2024-08-12 09:44:47
Ghast,Undead,3,Rank 0,3d2+1,6.16,6.77,6.93,2024-08-12 09:44:47
Prince of Fear,Devilkin,3,Rank 2,3d6+2,17.23,16.07,15.17,2024-08-12 09:44:47
Faerie Dragon,Dragon,13,Rank 0,13d2+2,26.84,26.36,25.95,2024-08-12 09:44:47
Wight,Undead,3,Rank 0,3d2,6.71,6.99,6.25,2024-08-12 09:44:47
Efreeti,Elemental,8,Rank 2,8d6+2,47.84,48.04,45.26,2024-08-12 09:44:47
Red Wyrmling,Dragon,7,Rank 1,7d4+2,28.37,28.73,27.71,2024-08-12 09:44:47
Wight,Undead,6,Rank 2,6d6,34.44,35.68,33.74,2024-08-12 09:44:47
Djinni,Elemental,13,Rank 4,13d10+1,127.77,134.12,128.44,2024-08-12 09:44:47
Pseudodragon,Dragon,12,Rank 3,12d8+1,94.56,97.44,98.05,2024-08-12 09:44:47
Ghoul,Undead,1,Rank 2,1d6+4,6.17,8.8,6.33,2024-08-12 09:44:47
Succubus,Devilkin,19,Rank 5,19d12+4,227.53,224.12,223.45,2024-08-12 09:44:47
Platinum Faerie,Fey,9,Rank 3,9d8,70.35,75.68,75.99,2024-08-12 09:44:47
Imp,Demonic,3,Rank 0,3d2+2,5.27,5.69,6.77,2024-08-12 09:44:47
Steam Devil,Devilkin,7,Rank 0,7d2+1,14.83,14.95,14.6,2024-08-12 09:44:47
Smoke Archfey,Fey,16,Rank 3,16d8+4,126.4,131.74,126.24,2024-08-12 09:44:47
Faerie Dragon,Dragon,16,Rank 1,16d4+3,65.01,63.04,64.96,2024-08-12 09:44:47
Goblin Archer,Devilkin,2,Rank 0,2d2+1,3.69,3.75,3.3,2024-08-12 09:44:47
Black Archfey,Fey,5,Rank 1,5d4+3,20.69,19.92,18.23,2024-08-12 09:44:47
Night Hag,Demonic,10,Rank 1,10d4+3,41.65,40.63,41.99,2024-08-12 09:44:47
Djinni,Elemental,16,Rank 0,16d2,31.12,31.8,32.37,2024-08-12 09:44:47
Flame Spirit,Fey,15,Rank 0,15d2+3,30.41,30.43,30.89,2024-08-12 09:44:47
Hook Horror,Demonic,10,Rank 1,10d4,38.86,38.27,41.65,2024-08-12 09:44:47
Steam Elemental,Elemental,8,Rank 0,8d2+1,16.55,16.0,16.2,2024-08-12 09:44:47
Pseudodragon,Dragon,13,Rank 1,13d4,51.85,52.71,52.94,2024-08-12 09:44:47
Wraith,Undead,2,Rank 0,2d2+1,3.63,4.17,3.59,2024-08-12 09:44:47
Efreeti,Elemental,3,Rank 1,3d4,10.41,12.55,11.62,2024-08-12 09:44:47
Brass Faerie,Fey,7,Rank 0,7d2,13.81,13.7,13.23,2024-08-12 09:44:47
Imp,Demonic,17,Rank 1,17d4+2,66.46,69.45,67.55,2024-08-12 09:44:47
Pit Lord,Devilkin,2,Rank 0,2d2+1,3.86,4.68,4.31,2024-08-12 09:44:47
Diamond Faerie,Fey,9,Rank 2,9d6+1,53.05,55.31,56.31,2024-08-12 09:44:47
Faerie Dragon,Dragon,3,Rank 1,3d4+3,12.5,13.42,12.52,2024-08-12 09:44:47
Demilich,Undead,11,Rank 0,11d2+5,21.49,22.72,21.83,2024-08-12 09:44:47
Djinni,Elemental,11,Rank 2,11d6,64.38,66.9,64.9,2024-08-12 09:44:47
Emerald Faerie,Fey,6,Rank 1,6d4+3,23.53,22.74,24.11,2024-08-12 09:44:47
Wight,Undead,6,Rank 0,6d2+4,12.97,11.19,12.65,2024-08-12 09:44:47
Lightning Mephit,Elemental,8,Rank 3,8d8+1,66.54,66.44,65.58,2024-08-12 09:44:47
Onyx Drake,Dragon,2,Rank 0,2d2,3.83,4.47,4.72,2024-08-12 09:44:47
Quasit,Demonic,10,Rank 0,10d2+2,19.6,20.72,19.54,2024-08-12 09:44:47
Pit Lord,Devilkin,10,Rank 0,10d2+1,19.81,20.5,20.11,2024-08-12 09:44:47
Flame Spirit,Fey,6,Rank 0,6d2,12.37,11.94,12.12,2024-08-12 09:44:47
Wyvern,Dragon,2,Rank 1,2d4+3,7.23,7.1,7.79,2024-08-12 09:44:47
Skeletal Villager,Undead,15,Rank 0,15d2+1,29.16,29.31,29.37,2024-08-12 09:44:47
Shadow Devil,Devilkin,8,Rank 4,8d10+1,77.19,76.3,75.85,2024-08-12 09:44:47
Pseudodragon,Dragon,5,Rank 4,5d10+1,52.43,52.04,54.91,2024-08-12 09:44:47
Ghoul,Undead,15,Rank 0,15d2+1,29.36,30.82,30.72,2024-08-12 09:44:47
Goblin Guard,Devilkin,11,Rank 1,11d4,43.52,43.41,44.21,2024-08-12 09:44:47
Lightning Spirit,Fey,12,Rank 4,12d10+2,124.68,124.51,117.31,2024-08-12 09:44:47
Lich King,Undead,9,Rank 0,9d2+2,17.42,18.92,17.28,2024-08-12 09:44:47
Djinni,Elemental,14,Rank 2,14d6+1,82.4,85.89,81.83,2024-08-12 09:44:47
Spore Archfey,Fey,3,Rank 1,3d4,10.18,12.65,12.67,2024-08-12 09:44:47
Imp,Demonic,7,Rank 3,7d8+1,53.36,54.94,59.14,2024-08-12 09:44:47
Pit Lord,Devilkin,8,Rank 2,8d6+2,46.06,46.91,49.28,2024-08-12 09:44:47
Djinni,Elemental,2,Rank 0,2d2,4.31,3.86,4.13,2024-08-12 09:44:47
Smoke Spirit,Fey,3,Rank 1,3d4+2,12.19,11.91,11.79,2024-08-12 09:44:47
Red Wyrmling,Dragon,1,Rank 1,1d4,4.26,3.17,3.74,2024-08-12 09:44:47
Balor,Demonic,1,Rank 0,1d2,2.78,1.5,2.05,2024-08-12 09:44:47
Pit Lord,Devilkin,9,Rank 1,9d4+2,35.84,36.93,36.7,2024-08-12 09:44:47
Diamond Faerie,Fey,2,Rank 1,2d4,7.51,6.76,9.28,2024-08-12 09:44:47
Pit Fiend,Demonic,4,Rank 2,4d6+4,25.92,23.6,25.7,2024-08-12 09:44:47
Efreeti,Elemental,16,Rank 1,16d4+3,63.69,65.26,63.92,2024-08-12 09:44:47
White Drake,Dragon,6,Rank 0,6d2+3,12.02,12.35,11.41,2024-08-12 09:44:47
Kobold Archer,Devilkin,11,Rank 0,11d2,22.38,22.14,22.4,2024-08-12 09:44:47
Flame Spirit,Fey,3,Rank 0,3d2+3,6.7,5.86,6.95,2024-08-12 09:44:47
Lich King,Undead,3,Rank 0,3d2,5.36,6.27,5.79,2024-08-12 09:44:47
Succubus,Devilkin,12,Rank 0,12d2+3,24.92,23.64,24.64,2024-08-12 09:44:47
Silver Faerie,Fey,2,Rank 3,2d8+2,17.76,15.86,16.7,2024-08-12 09:44:47
Pit Fiend,Demonic,12,Rank 2,12d6+2,70.13,72.66,73.85,2024-08-12 09:44:47
Djinni,Elemental,13,Rank 0,13d2+3,26.66,26.56,25.14,2024-08-12 09:44:47
Ruby Archfey,Fey,2,Rank 2,2d6+1,12.24,10.63,9.88,2024-08-12 09:44:47
Balor,Demonic,9,Rank 1,9d4+2,35.59,34.44,36.56,2024-08-12 09:44:47
Banshee,Undead,9,Rank 1,9d4+1,37.74,36.98,34.9,2024-08-12 09:44:47
Kobold Villager,Devilkin,9,Rank 3,9d8,75.57,72.04,74.42,2024-08-12 09:44:47
Faerie Dragon,Dragon,5,Rank 4,5d10,47.49,52.63,47.6,2024-08-12 09:44:47
Wight,Undead,14,Rank 0,14d2+2,28.54,27.4,27.7,2024-08-12 09:44:47
Shadow Archfey,Fey,4,Rank 2,4d6,26.99,22.18,24.44,2024-08-12 09:44:47
Emerald Dragon,Dragon,8,Rank 1,8d4+4,31.72,31.72,32.5,2024-08-12 09:44:47
Pit Lord,Devilkin,17,Rank 1,17d4+3,69.85,68.35,68.57,2024-08-12 09:44:47
Silver Faerie,Fey,6,Rank 3,6d8+2,48.89,50.37,48.31,2024-08-12 09:44:47
Nightmare,Demonic,4,Rank 5,4d12,45.43,45.96,52.15,2024-08-12 09:44:47
Zombie Knight,Undead,4,Rank 0,4d2+4,7.55,7.83,7.67,2024-08-12 09:44:47
Prince of Fear,Devilkin,13,Rank 0,13d2+2,26.03,26.78,26.98,2024-08-12 09:44:47
Ice Spirit,Fey,17,Rank 1,17d4+2,66.77,67.59,68.33,2024-08-12 09:44:47
Wyvern,Dragon,13,Rank 3,13d8+4,104.83,100.53,107.88,2024-08-12 09:44:47
Magma Devil,Devilkin,3,Rank 2,3d6+2,20.63,17.59,17.4,2024-08-12 09:44:47
Faerie Dragon,Dragon,7,Rank 0,7d2+1,14.9,13.66,14.2,2024-08-12 09:44:47
Incubus,Devilkin,3,Rank 0,3d2+4,5.86,5.52,5.5,2024-08-12 09:44:47
Gold Archfey,Fey,3,Rank 1,3d4+1,12.28,11.36,10.57,2024-08-12 09:44:47
White Demon,Demonic,2,Rank 1,2d4+2,8.82,7.7,8.47,2024-08-12 09:44:47
Pit Lord,Devilkin,6,Rank 1,6d4+1,24.29,23.17,24.69,2024-08-12 09:44:47
Silver Faerie,Fey,1,Rank 0,1d2+2,1.28,1.13,1.72,2024-08-12 09:44:47
Night Hag,Demonic,16,Rank 2,16d6+1,95.19,95.66,97.02,2024-08-12 09:44:47
Poltergeist,Undead,4,Rank 1,4d4,16.35,15.22,17.29,2024-08-12 09:44:47
Flame Elemental,Elemental,10,Rank 2,10d6,60.42,58.21,61.18,2024-08-12 09:44:47
Hell Hound,Demonic,10,Rank 0,10d2+1,20.73,19.85,19.05,2024-08-12 09:44:47
Wight,Undead,15,Rank 0,15d2,29.79,29.27,30.04,2024-08-12 09:44:47
Steam Mephit,Elemental,11,Rank 2,11d6+1,67.52,63.23,63.99,2024-08-12 09:44:47
Diamond Drake,Dragon,5,Rank 2,5d6,27.03,31.15,31.47,2024-08-12 09:44:47
Balor,Demonic,13,Rank 1,13d4+3,51.83,51.3,50.6,2024-08-12 09:44:47
Kobold Mage,Devilkin,6,Rank 4,6d10+4,58.41,57.33,62.4,2024-08-12 09:44:47
Efreeti,Elemental,15,Rank 4,15d10,146.74,150.05,150.5,2024-08-12 09:44:47
Bronze Drake,Dragon,12,Rank 1,12d4,48.42,49.77,48.25,2024-08-12 09:44:47
Demilich,Undead,14,Rank 0,14d2+4,27.54,27.72,27.11,2024-08-12 09:44:47
Succubus,Devilkin,4,Rank 0,4d2+1,7.12,7.98,7.47,2024-08-12 09:44:47
Black Faerie,Fey,13,Rank 3,13d8,103.15,101.55,105.59,2024-08-12 09:44:47
Red Drake,Dragon,7,Rank 2,7d6,43.23,41.24,41.79,2024-08-12 09:44:47
Mummy Lord,Undead,4,Rank 2,4d6+2,25.03,21.65,24.62,2024-08-12 09:44:47
Gold Faerie,Fey,8,Rank 3,8d8+5,62.62,65.47,66.0,2024-08-12 09:44:47
Wyvern,Dragon,11,Rank 2,11d6+1,64.02,67.88,66.72,2024-08-12 09:44:47
Dracolich,Undead,12,Rank 2,12d6+4,70.88,71.98,71.91,2024-08-12 09:44:47
Djinni,Elemental,9,Rank 2,9d6+1,55.41,51.81,52.68,2024-08-12 09:44:47
Nightmare,Demonic,10,Rank 3,10d8+3,77.31,81.4,82.7,2024-08-12 09:44:47
Ghostly Villager,Undead,9,Rank 2,9d6+2,52.8,56.61,52.24,2024-08-12 09:44:47
Succubus,Devilkin,11,Rank 2,11d6+4,66.98,64.53,67.28,2024-08-12 09:44:47
Lightning Spirit,Fey,10,Rank 1,10d4,39.74,39.92,41.23,2024-08-12 09:44:47
Night Hag,Demonic,10,Rank 0,10d2+3,19.16,20.09,19.43,2024-08-12 09:44:47
Spore Devil,Devilkin,12,Rank 0,12d2+3,24.06,24.25,23.53,2024-08-12 09:44:47
Copper Faerie,Fey,2,Rank 4,2d10,18.11,17.65,19.03,2024-08-12 09:44:47
Sapphire Dragon,Dragon,8,Rank 1,8d4+2,31.25,32.93,32.38,2024-08-12 09:44:47
Mummy,Undead,11,Rank 1,11d4+1,43.38,43.95,44.09,2024-08-12 09:44:47
Diamond Faerie,Fey,6,Rank 1,6d4+2,22.92,23.71,24.8,2024-08-12 09:44:47
Death Knight,Undead,7,Rank 2,7d6+1,43.51,40.54,43.11,2024-08-12 09:44:47
Emerald Faerie,Fey,5,Rank 1,5d4+4,21.64,19.09,20.96,2024-08-12 09:44:47
Nightmare,Demonic,3,Rank 4,3d10,31.84,28.58,26.63,2024-08-12 09:44:47
Kobold Guard,Devilkin,3,Rank 4,3d10+3,30.61,29.1,25.69,2024-08-12 09:44:47
Wyvern,Dragon,12,Rank 2,12d6+1,72.45,70.88,70.05,2024-08-12 09:44:47
Lich,Undead,6,Rank 0,6d2+3,12.02,12.08,11.64,2024-08-12 09:44:47
Ice Elemental,Elemental,2,Rank 2,2d6+4,10.93,14.23,9.63,2024-08-12 09:44:47
Wyvern,Dragon,7,Rank 1,7d4,28.27,27.87,27.5,2024-08-12 09:44:47
Death Knight,Undead,3,Rank 4,3d10+4,30.18,31.33,29.51,2024-08-12 09:44:47
Djinni,Elemental,4,Rank 0,4d2+3,8.16,8.96,8.73,2024-08-12 09:44:47
Red Dragon,Dragon,10,Rank 0,10d2+1,20.58,20.62,19.05,2024-08-12 09:44:47
Mummy,Undead,6,Rank 4,6d10,63.5,59.28,61.75,2024-08-12 09:44:47
Platinum Faerie,Fey,4,Rank 3,4d8,35.5,35.31,34.13,2024-08-12 09:44:47
Ghast,Undead,5,Rank 1,5d4+2,20.03,20.63,18.38,2024-08-12 09:44:47
Djinni,Elemental,16,Rank 1,16d4+1,63.71,62.45,64.78,2024-08-12 09:44:47
Faerie Dragon,Dragon,7,Rank 0,7d2,13.17,13.14,13.89,2024-08-12 09:44:47
Ghoul,Undead,8,Rank 1,8d4,30.97,31.82,31.68,2024-08-12 09:44:47
Magma Mephit,Elemental,8,Rank 4,8d10+3,77.83,83.12,81.84,2024-08-12 09:44:47
Faerie Dragon,Dragon,9,Rank 0,9d2+2,17.36,17.85,18.87,2024-08-12 09:44:47
Death Knight,Undead,6,Rank 4,6d10+1,61.75,62.58,59.16,2024-08-12 09:44:47
Spore Archfey,Fey,9,Rank 3,9d8+1,73.82,71.6,71.21,2024-08-12 09:44:47
Wight,Undead,6,Rank 5,6d12+2,67.66,77.17,67.08,2024-08-12 09:44:47
Steam Spirit,Fey,5,Rank 3,5d8+2,37.28,43.6,40.04,2024-08-12 09:44:47
Pit Fiend,Demonic,4,Rank 0,4d2+3,8.89,8.16,8.59,2024-08-12 09:44:47
Dracolich,Undead,7,Rank 1,7d4,27.39,27.64,26.22,2024-08-12 09:44:47
White Archfey,Fey,8,Rank 0,8d2,16.33,15.09,16.09,2024-08-12 09:44:47
Skeletal Archer,Undead,11,Rank 2,11d6+4,67.91,65.3,64.38,2024-08-12 09:44:47
Smoke Archfey,Fey,9,Rank 2,9d6+2,54.03,53.69,55.33,2024-08-12 09:44:47
Silver Drake,Dragon,5,Rank 0,5d2+2,10.21,10.19,9.63,2024-08-12 09:44:47
Death Knight,Undead,2,Rank 2,2d6+4,12.06,11.67,10.6,2024-08-12 09:44:47
Brass Archfey,Fey,9,Rank 2,9d6+2,56.86,52.45,53.06,2024-08-12 09:44:47
Quasit,Demonic,9,Rank 0,9d2,17.45,18.55,18.52,2024-08-12 09:44:47
Pit Lord,Devilkin,15,Rank 0,15d2+2,29.46,30.59,29.43,2024-08-12 09:44:47
Lightning Archfey,Fey,6,Rank 0,6d2,11.27,11.89,12.19,2024-08-12 09:44:47
Pit Fiend,Demonic,7,Rank 2,7d6+2,40.28,40.72,40.66,2024-08-12 09:44:47
Efreeti,Elemental,17,Rank 1,17d4+2,67.04,66.35,67.79,2024-08-12 09:44:47
Faerie Dragon,Dragon,8,Rank 1,8d4,30.47,33.09,33.39,2024-08-12 09:44:47
Bronze Demon,Demonic,2,Rank 2,2d6,10.08,13.99,9.25,2024-08-12 09:44:47
Prince of Fear,Devilkin,6,Rank 0,6d2,12.75,11.62,12.84,2024-08-12 09:44:47
Wyvern,Dragon,13,Rank 2,13d6,79.95,75.58,79.97,2024-08-12 09:44:47
Vampire,Undead,9,Rank 3,9d8,72.28,74.91,72.57,2024-08-12 09:44:47
Succubus,Devilkin,9,Rank 5,9d12,110.97,111.5,111.97,2024-08-12 09:44:47
Silver Archfey,Fey,1,Rank 2,1d6+4,4.75,6.7,8.99,2024-08-12 09:44:47
Quasit,Demonic,15,Rank 3,15d8+4,117.35,122.31,120.92,2024-08-12 09:44:47
Shadow Elemental,Elemental,19,Rank 0,19d2+3,38.51,37.44,37.17,2024-08-12 09:44:47
Gold Drake,Dragon,2,Rank 0,2d2,4.73,3.35,3.63,2024-08-12 09:44:47
Skeletal Knight,Undead,3,Rank 1,3d4+1,11.25,10.16,11.84,2024-08-12 09:44:47
Dust Devil,Devilkin,13,Rank 3,13d8,105.76,100.27,102.27,2024-08-12 09:44:47
White Faerie,Fey,8,Rank 3,8d8+1,66.79,63.98,65.07,2024-08-12 09:44:47
Balor,Demonic,12,Rank 2,12d6,70.99,72.19,72.86,2024-08-12 09:44:47
Revenant,Undead,8,Rank 1,8d4+3,31.54,30.16,31.04,2024-08-12 09:44:47
Djinni,Elemental,15,Rank 5,15d12,174.02,178.87,177.17,2024-08-12 09:44:47
Emerald Dragon,Dragon,10,Rank 3,10d8,80.47,79.23,80.94,2024-08-12 09:44:47
Death Knight,Undead,6,Rank 0,6d2+1,12.38,12.91,11.6,2024-08-12 09:44:47
Mud Elemental,Elemental,3,Rank 3,3d8+4,20.25,21.49,26.56,2024-08-12 09:44:47
Faerie Dragon,Dragon,11,Rank 2,11d6+1,66.95,65.88,66.76,2024-08-12 09:44:47
Ghast,Undead,10,Rank 1,10d4,39.84,39.3,38.71,2024-08-12 09:44:47
Magma Elemental,Elemental,9,Rank 0,9d2+1,17.6,17.06,17.52,2024-08-12 09:44:47
Green Faerie,Fey,3,Rank 0,3d2+2,6.59,6.42,5.17,2024-08-12 09:44:47
Balor,Demonic,15,Rank 1,15d4+2,59.06,60.47,60.35,2024-08-12 09:44:47
Shadow Devil,Devilkin,11,Rank 0,11d2+3,22.15,22.06,21.59,2024-08-12 09:44:47
Smoke Spirit,Fey,8,Rank 1,8d4,31.52,30.08,32.25,2024-08-12 09:44:47
Silver Wyrmling,Dragon,8,Rank 2,8d6+5,48.6,45.24,48.78,2024-08-12 09:44:47
Zombie Mage,Undead,7,Rank 2,7d6+4,41.37,40.77,41.15,2024-08-12 09:44:47
Efreeti,Elemental,5,Rank 2,5d6+2,28.67,29.63,32.23,2024-08-12 09:44:47
Balor,Demonic,4,Rank 1,4d4,15.02,16.86,14.71,2024-08-12 09:44:47
Prince of Fear,Devilkin,12,Rank 0,12d2,24.62,24.26,23.51,2024-08-12 09:44:47
Ruby Faerie,Fey,14,Rank 1,14d4+2,56.57,57.0,55.47,2024-08-12 09:44:47
Pit Fiend,Demonic,11,Rank 1,11d4+3,43.79,43.23,44.23,2024-08-12 09:44:47
Pit Lord,Devilkin,8,Rank 0,8d2+3,15.9,15.66,16.73,2024-08-12 09:44:47
Magma Archfey,Fey,7,Rank 1,7d4+5,28.47,26.86,28.64,2024-08-12 09:44:47
Imp,Demonic,3,Rank 1,3d4,12.48,11.01,11.32,2024-08-12 09:44:47
Prince of Fear,Devilkin,4,Rank 0,4d2,7.6,8.05,7.44,2024-08-12 09:44:47
Onyx Archfey,Fey,3,Rank 0,3d2+3,5.21,6.25,5.55,2024-08-12 09:44:47
Zombie Villager,Undead,1,Rank 3,1d8,5.65,11.56,9.22,2024-08-12 09:44:47
Djinni,Elemental,6,Rank 0,6d2+2,11.21,11.56,12.44,2024-08-12 09:44:47
Silver Drake,Dragon,8,Rank 2,8d6,45.31,46.07,49.23,2024-08-12 09:44:47
Pit Lord,Devilkin,6,Rank 0,6d2+1,12.73,12.89,11.07,2024-08-12 09:44:47
Steam Elemental,Elemental,1,Rank 0,1d2+2,1.97,2.25,2.71,2024-08-12 09:44:47
Wyvern,Dragon,13,Rank 2,13d6,80.6,77.94,76.83,2024-08-12 09:44:47
Banshee,Undead,4,Rank 0,4d2+1,8.83,8.63,7.8,2024-08-12 09:44:47
Smoke Mephit,Elemental,16,Rank 2,16d6,95.3,97.25,96.8,2024-08-12 09:44:47
Flame Archfey,Fey,12,Rank 2,12d6+5,74.81,69.44,69.57,2024-08-12 09:44:47
Hell Hound,Demonic,7,Rank 0,7d2+2,13.39,13.46,14.99,2024-08-12 09:44:47
Efreeti,Elemental,15,Rank 2,15d6+4,89.35,92.36,90.07,2024-08-12 09:44:47
Pseudodragon,Dragon,7,Rank 0,7d2+1,13.79,13.03,13.44,2024-08-12 09:44:47
Goblin Guard,Devilkin,13,Rank 4,13d10+1,129.92,126.24,127.22,2024-08-12 09:44:47
Ruby Faerie,Fey,8,Rank 2,8d6+2,49.91,48.13,46.36,2024-08-12 09:44:47
Imp,Demonic,8,Rank 3,8d8,60.17,67.1,61.47,2024-08-12 09:44:47
Steam Elemental,Elemental,7,Rank 2,7d6+1,40.41,39.68,42.83,2024-08-12 09:44:47
Imp,Demonic,13,Rank 5,13d12+2,150.4,150.21,153.61,2024-08-12 09:44:47
Goblin Archer,Devilkin,15,Rank 4,15d10+1,153.14,148.18,147.43,2024-08-12 09:44:47
Onyx Faerie,Fey,10,Rank 0,10d2+2,20.04,20.84,20.98,2024-08-12 09:44:47
Sapphire Drake,Dragon,8,Rank 1,8d4+1,31.8,32.82,31.91,2024-08-12 09:44:47
Quasit,Demonic,12,Rank 1,12d4+3,46.81,46.34,47.07,2024-08-12 09:44:47
Ghast,Undead,10,Rank 0,10d2+1,20.54,19.63,19.47,2024-08-12 09:44:47
Mud Spirit,Fey,2,Rank 1,2d4+3,8.47,8.88,8.98,2024-08-12 09:44:47
Hell Hound,Demonic,7,Rank 0,7d2+1,14.27,14.0,14.08,2024-08-12 09:44:47
Kobold Knight,Devilkin,4,Rank 1,4d4+3,17.93,14.6,14.68,2024-08-12 09:44:47
Magma Elemental,Elemental,5,Rank 1,5d4+3,20.12,19.91,21.7,2024-08-12 09:44:47
Blue Dragon,Dragon,2,Rank 4,2d10+4,22.69,15.2,17.87,2024-08-12 09:44:47
Goblin Mage,Devilkin,12,Rank 1,12d4,48.46,47.57,46.53,2024-08-12 09:44:47
Onyx Archfey,Fey,14,Rank 0,14d2,27.53,27.23,28.81,2024-08-12 09:44:47
Sapphire Demon,Demonic,2,Rank 1,2d4+1,9.97,9.72,7.8,2024-08-12 09:44:47
Kobold Villager,Devilkin,4,Rank 1,4d4+1,16.47,17.89,16.01,2024-08-12 09:44:47
Efreeti,Elemental,15,Rank 5,15d12,182.74,182.55,185.06,2024-08-12 09:44:47
Gold Wyrmling,Dragon,8,Rank 3,8d8,62.9,65.26,60.57,2024-08-12 09:44:47
Wraith,Undead,5,Rank 0,5d2,10.33,9.02,9.5,2024-08-12 09:44:47
White Faerie,Fey,1,Rank 2,1d6,5.49,6.57,4.22,2024-08-12 09:44:47
Silver Demon,Demonic,6,Rank 0,6d2+2,12.86,11.74,12.53,2024-08-12 09:44:47
Shadow Elemental,Elemental,14,Rank 2,14d6+5,82.04,84.0,81.86,2024-08-12 09:44:47
Wyvern,Dragon,14,Rank 0,14d2+3,27.86,27.95,28.96,2024-08-12 09:44:47
Poltergeist,Undead,11,Rank 3,11d8+2,84.72,88.74,87.35,2024-08-12 09:44:47
Smoke Spirit,Fey,13,Rank 1,13d4+1,51.61,50.74,52.13,2024-08-12 09:44:47
Nightmare,Demonic,3,Rank 5,3d12+2,33.61,39.82,37.16,2024-08-12 09:44:47
Death Knight,Undead,3,Rank 2,3d6,15.34,17.33,16.65,2024-08-12 09:44:47
Djinni,Elemental,8,Rank 0,8d2+2,15.39,16.19,15.77,2024-08-12 09:44:47
Diamond Faerie,Fey,11,Rank 1,11d4,43.99,43.47,43.29,2024-08-12 09:44:47
Nightmare,Demonic,17,Rank 0,17d2,34.81,34.41,33.92,2024-08-12 09:44:47
Vampire,Undead,17,Rank 0,17d2,33.27,34.29,33.95,2024-08-12 09:44:47
Kobold Guard,Devilkin,11,Rank 4,11d10+2,113.69,112.41,106.54,2024-08-12 09:44:47
Emerald Faerie,Fey,14,Rank 2,14d6+3,84.54,83.19,83.89,2024-08-12 09:44:47
Wyvern,Dragon,4,Rank 4,4d10+1,37.7,41.87,41.59,2024-08-12 09:44:47
Poltergeist,Undead,6,Rank 1,6d4,23.72,25.58,24.2,2024-08-12 09:44:47
Goblin Archer,Devilkin,4,Rank 4,4d10+2,39.83,38.31,41.58,2024-08-12 09:44:47
Spore Elemental,Elemental,2,Rank 0,2d2+5,3.3,3.87,3.6,2024-08-12 09:44:47
Wyvern,Dragon,7,Rank 1,7d4+4,28.01,29.2,28.56,2024-08-12 09:44:47
Banshee,Undead,17,Rank 0,17d2+2,33.21,33.53,34.69,2024-08-12 09:44:47
Shadow Mephit,Elemental,3,Rank 3,3d8,24.33,21.36,24.85,2024-08-12 09:44:47
Wyvern,Dragon,15,Rank 0,15d2,29.57,29.75,29.38,2024-08-12 09:44:47
Ghoul,Undead,5,Rank 4,5d10,46.32,51.84,51.73,2024-08-12 09:44:47
Brass Faerie,Fey,3,Rank 1,3d4+2,12.74,12.43,11.28,2024-08-12 09:44:47
Pit Fiend,Demonic,11,Rank 0,11d2,22.61,21.03,21.4,2024-08-12 09:44:47
Incubus,Devilkin,9,Rank 2,9d6+1,53.16,52.38,54.95,2024-08-12 09:44:47
Djinni,Elemental,16,Rank 4,16d10+3,156.63,159.7,157.05,2024-08-12 09:44:47
Platinum Faerie,Fey,1,Rank 2,1d6,7.34,7.36,4.74,2024-08-12 09:44:47
Emerald Demon,Demonic,5,Rank 0,5d2+2,9.76,10.37,9.1,2024-08-12 09:44:47
Kobold Villager,Devilkin,3,Rank 4,3d10+1,27.46,28.31,30.02,2024-08-12 09:44:47
Smoke Archfey,Fey,1,Rank 3,1d8,4.49,11.64,6.39,2024-08-12 09:44:47
Nightmare,Demonic,7,Rank 2,7d6+1,43.22,43.5,41.65,2024-08-12 09:44:47
Prince of Fear,Devilkin,7,Rank 1,7d4,27.27,27.24,27.38,2024-08-12 09:44:47
Sapphire Archfey,Fey,3,Rank 0,3d2+1,6.08,6.76,6.15,2024-08-12 09:44:47
Balor,Demonic,15,Rank 0,15d2+1,29.35,29.04,29.58,2024-08-12 09:44:47
Flame Mephit,Elemental,10,Rank 0,10d2+3,19.41,20.23,19.19,2024-08-12 09:44:47
Wyvern,Dragon,13,Rank 0,13d2+1,25.31,25.45,25.0,2024-08-12 09:44:47
Mummy,Undead,3,Rank 3,3d8,22.93,24.75,25.06,2024-08-12 09:44:47
Steam Elemental,Elemental,13,Rank 1,13d4,50.67,52.58,51.36,2024-08-12 09:44:47
Wyvern,Dragon,10,Rank 2,10d6+2,59.51,60.88,61.99,2024-08-12 09:44:47
Prince of Fear,Devilkin,8,Rank 1,8d4,33.0,32.22,31.82,2024-08-12 09:44:47
Diamond Drake,Dragon,16,Rank 5,16d12+2,189.16,186.66,191.97,2024-08-12 09:44:47
Kobold Guard,Devilkin,18,Rank 0,18d2+4,36.04,36.21,35.98,2024-08-12 09:44:47
Djinni,Elemental,6,Rank 1,6d4+3,24.22,24.13,22.96,2024-08-12 09:44:47
Faerie Dragon,Dragon,6,Rank 2,6d6+4,37.89,34.71,34.81,2024-08-12 09:44:47
Vampire,Undead,5,Rank 0,5d2+1,9.28,10.88,9.37,2024-08-12 09:44:47
Mud Mephit,Elemental,10,Rank 2,10d6+1,58.19,60.92,58.42,2024-08-12 09:44:47
Pseudodragon,Dragon,9,Rank 1,9d4,35.03,36.71,35.62,2024-08-12 09:44:47
Balor,Demonic,3,Rank 2,3d6+3,19.99,17.98,17.22,2024-08-12 09:44:47
Prince of Fear,Devilkin,2,Rank 1,2d4+1,8.04,7.93,9.26,2024-08-12 09:44:47
Blue Faerie,Fey,3,Rank 0,3d2+3,6.39,5.34,6.34,2024-08-12 09:44:47
Pit Fiend,Demonic,14,Rank 3,14d8+4,108.08,111.82,114.94,2024-08-12 09:44:47
Djinni,Elemental,4,Rank 4,4d10+3,41.42,35.32,42.0,2024-08-12 09:44:47
Hell Hound,Demonic,17,Rank 1,17d4,67.51,68.2,67.09,2024-08-12 09:44:47
Pit Lord,Devilkin,2,Rank 0,2d2+1,4.75,3.87,4.46,2024-08-12 09:44:47
Green Wyrmling,Dragon,9,Rank 1,9d4+2,36.6,36.69,36.7,2024-08-12 09:44:47
Pit Fiend,Demonic,4,Rank 0,4d2+1,8.0,7.64,7.85,2024-08-12 09:44:47
Flame Devil,Devilkin,3,Rank 2,3d6+1,18.24,15.41,15.35,2024-08-12 09:44:47
Brass Dragon,Dragon,2,Rank 2,2d6+3,9.34,13.63,12.72,2024-08-12 09:44:47
Pit Fiend,Demonic,13,Rank 1,13d4+2,51.13,51.59,52.43,2024-08-12 09:44:47
Goblin Archer,Devilkin,3,Rank 1,3d4+2,11.63,11.48,11.83,2024-08-12 09:44:47
Dust Elemental,Elemental,2,Rank 0,2d2,4.49,3.77,3.63,2024-08-12 09:44:47
Ruby Faerie,Fey,9,Rank 0,9d2+3,17.15,17.92,18.03,2024-08-12 09:44:47
Vampire,Undead,10,Rank 4,10d10+2,100.8,100.5,101.74,2024-08-12 09:44:47
Djinni,Elemental,4,Rank 0,4d2+3,8.92,8.33,8.53,2024-08-12 09:44:47
